canonical_smiles,label,split
C1=CC2=NC=CC(=C2C=C1C=C3C(=O)NC(=O)S3)C4=CC=NC=C4,0,train
C1CN2C[C@@H](N=C2S1)c1ccccc1,0,train
CC#C[C@@H](CC(O)=O)c1ccc(OCc2cccc(c2)-c2ccc(cc2)C(F)(F)F)cc1,0,train
CC(=O)C(C#N)C(=O)Nc1ccc(cc1)C(F)(F)F,0,train
CC(=O)NCCCCCC(O)=O,0,train
CC(=O)NC[C@H]1CN(C(=O)O1)c1ccc(N2CCN(CC2)C(=O)CO)c(F)c1,0,train
CC(=O)NC[C@H]1CN(C(=O)O1)c1ccc(c(F)c1)-c1ccc(CNCc2cnn[nH]2)cc1,0,train
CC(=O)Oc1cccc2C(=O)c3cc(cc(OC(C)=O)c3C(=O)c12)C(O)=O,0,train
CC(C)(C)CC(C)(C)c1ccc(O)c(Cc2ccc(Cl)cc2Cl)c1,0,train
CC(C)(Oc1ccc(Cl)cc1)C(O)=O,0,train
CC(C)CCNc1ncccc1C(=O)N1CCN(Cc2ccccc2)CC1,0,train
CC(C)C[C@H]([C@H](O)C(=O)NO)C(=O)N[C@H](C(=O)OC1CCCC1)c1ccccc1,0,train
CC(C)Nc1nc2cc(Cl)c(Cl)cc2n1[C@H]1O[C@@H](CO)[C@H](O)[C@@H]1O,0,train
CC(C)[C@H](O)CC[C@@H](C)[C@H]1CC[C@@H]2[C@]1(C)CCCC2=C/C=C1/C[C@@H](O)C[C@H](O)C1=C,0,train
CC(C)c1cc(C(C)C)c(CC(=O)NS(=O)(=O)Oc2c(cccc2C(C)C)C(C)C)c(c1)C(C)C,0,train
CC(C)c1cc(Cc2c(C)cc(OCC(O)=O)cc2C)ccc1O,0,train
CC(C)c1ccc(NC(=O)Cn2cnc3n(C)c(=O)n(C)c(=O)c23)cc1,0,train
CC(C)c1nc(nc(-c2ccc(F)cc2)c1C=C[C@@H](O)C[C@@H](O)CC(O)=O)N(C)S(C)(=O)=O,0,train
CC(C)c1noc(n1)N1CCC(COc2ccc(nc2)-c2ccc(cc2)S(C)(=O)=O)CC1,0,train
CC(C1=CN=CS1)NC(=O)NC2=C(C=C(C=C2)OC3=C4C=C(C(=CC4=NC=C3)OC)OC)OC,0,train
CC(CNC(=O)c1cccnc1)NC(=O)c1cccnc1,0,train
CC(N)C12CC3CC(CC(C3)C1)C2,0,train
CC(O)Cn1c(C)ncc1[N+]([O-])=O,0,train
CC1(C)CCC(C)(C)c2cc(C=Cc3ccc(cc3)C(O)=O)c(Cn3cccn3)cc12,0,train
CC1(C)O[C@@H]2C[C@H]3[C@@H]4CCC5=CC(=O)C=C[C@]5(C)[C@]4(F)[C@H](O)C[C@]3(C)[C@]2(O1)C(=O)CO,0,train
CC1(C)[C@H](N2[C@@H](CC2=O)S1(=O)=O)C(O)=O,0,train
CC1=C(C(CC(=O)N1)c1ccc(cc1)C(F)(F)F)C(=O)Nc1cc2cn[nH]c2cc1F,0,train
CC1=CC(=C(C=C1NN=C2C=C(C(=O)C=C2N)C)S(=O)(=O)O)C,0,train
CC1=Nc2ccc(Cl)cc2S(=O)(=O)N1,0,train
CCC(=C)C(=O)c1ccc(OCC(O)=O)c(Cl)c1Cl,0,train
CCC(=O)O[C@@H](OP(=O)(CCCCc1ccccc1)CC(=O)N1C[C@@H](C[C@H]1C(O)=O)C1CCCCC1)C(C)C,0,train
CCC(C)SSc1ncc[nH]1,0,train
CCC1NC(=O)C(C(O)C(C)CC=CC)N(C)C(=O)C(C(C)C)N(C)C(=O)C(CC(C)C)N(C)C(=O)C(CC(C)C)N(C)C(=O)C(C)NC(=O)C(C)NC(=O)C(CC(C)C)N(C)C(=O)C(NC(=O)C(CC(C)C)N(C)C(=O)CN(C)C1=O)C(C)C,0,train
CCCCCCOC(=O)N=C(N)c1ccc(NCc2nc3cc(ccc3n2C)C(=O)N(CCC(=O)OCC)c2ccccn2)cc1,0,train
CCCCc1nc2cc(ccc2n1CCN(CC)CC)C=CC(=O)NO,0,train
CCCNC(=O)NS(=O)(=O)c1ccc(Cl)cc1,0,train
CCCOc1ccc(cc1-c1nc2c(CCC)cn(CC)c2c(=O)[nH]1)S(=O)(=O)N1CCN(CCO)CC1,0,train
CCCc1nn(C)c2c1nc([nH]c2=O)-c1cc(ccc1OCC)S(=O)(=O)N1CCN(C)CC1,0,train
CCN(CC)CCNC(=O)c1cc(Cl)c(N)cc1OC,1,train
CCN(CC)CCOC(=O)C(CC1CCCO1)Cc1cccc2ccccc12,0,train
CCN1CCC(CC1)n1cc(CNc2cc(Cl)c3ncc(C#N)c(Nc4ccc(F)c(Cl)c4)c3c2)nn1,0,train
CCN1CCN(C(=O)N[C@@H](C(=O)N[C@H]2[C@H]3SCC(CSc4nnnn4C)=C(N3C2=O)C(O)=O)c2ccc(O)cc2)C(=O)C1=O,0,train
CCNC(=O)N(CCCN(C)C)C(=O)[C@@H]1C[C@H]2[C@@H](Cc3c[nH]c4cccc2c34)N(CC=C)C1,1,train
CCOC(=O)CCNc1cc(nc(n1)-c1ccccn1)N1CCc2ccccc2CC1,0,train
CCOC(=O)Nc1c[n+](no1)N1CCOCC1,0,train
CCOC(=O)[C@H](C)C[C@@H](Cc1ccc(cc1)-c1ccccc1)NC(=O)CCC(O)=O,0,train
CCOC(=O)c1cncn1C(C)c1ccccc1,0,train
CCOC1=CC=CC=C1C(=O)NC2=CC(=C(C=C2)Cl)C(F)(F)F,0,train
CCS(=O)(=O)N1CC(CC#N)(C1)n1cc(cn1)-c1ncnc2[nH]ccc12,0,train
CC[C@@H]1C=C(C)C[C@H](C)C[C@H](OC)[C@@H]2O[C@](O)([C@H](C)C[C@@H]2OC)C(=O)C(=O)N2CCCC[C@H]2C(=O)O[C@@H]([C@H](C)[C@@H](O)CC1=O)C(C)=C[C@@H]1CC[C@@H](Cl)[C@@H](C1)OC,0,train
CC[C@H](CO)Nc1nc(NCc2ccccc2)c2ncn(C(C)C)c2n1,0,train
CC[C@H](NC(=O)[C@H](C)NC)C(=O)N1C[C@@H](O)C[C@H]1Cc1c([nH]c2cc(F)ccc12)-c1[nH]c2cc(F)ccc2c1C[C@@H]1C[C@H](O)CN1C(=O)[C@H](CC)NC(=O)[C@H](C)NC,0,train
CC[C@H]1C=C(C)/[C@@H](O)CC=CC=C(CO[C@@H]2O[C@H](C)[C@@H](OC(=O)c3c(O)c(Cl)c(O)c(Cl)c3CC)[C@H](O)[C@@H]2OC)C(=O)O[C@H](CC=C(C)C=C(C)[C@H]1O[C@@H]1OC(C)(C)[C@@H](OC(=O)C(C)C)[C@H](O)[C@H]1O)[C@@H](C)O,0,train
CC[C@H]1OC(=O)[C@H](C)[C@H](O[C@H]2C[C@@](C)(OC)[C@@H](O)[C@H](C)O2)[C@H](C)[C@@H](O[C@@H]2O[C@H](C)C[C@@H]([C@H]2O)N(C)C)[C@](C)(O)C[C@@H](C)C(=N/OCOCCOC)[C@H](C)[C@@H](O)[C@]1(C)O,0,train
CCc1c(C)[nH]c2CCC(CN3CCOCC3)C(=O)c12,1,train
CN(C)C(=O)N[C@H]1CC[C@H](CCN2CCN(CC2)c2cccc(Cl)c2Cl)CC1,1,train
CN(C)CCC=C1c2ccccc2CCc2ccccc12,1,train
CN(C)CCC=C1c2ccccc2COc2ccccc12,1,train
CN(C)CCCN1c2ccccc2CCc2ccc(Cl)cc12,1,train
CN(C)CC[C@H](CSc1ccccc1)Nc1ccc(cc1[N+]([O-])=O)S(=O)(=O)NC(=O)c1ccc(cc1)N1CCN(Cc2ccccc2-c2ccc(Cl)cc2)CC1,0,train
CN(C)Cc1cccc(NC(c2ccccc2)=C2/C(=O)Nc3cc(ccc23)C(=O)N(C)C)c1,0,train
CN(C)N=Nc1ccc(cc1)C(O)=O,0,train
CN(C)NC(=O)CCC(=O)O,0,train
CN(C)S(=O)(=O)N[C@H]1C[C@H]2[C@@H](Cc3cn(C)c4cccc2c34)N(C)C1,1,train
CN(C)c1ccc(cc1)[C@H]1C[C@@]2(C)[C@@H](CC[C@@]2(OC(C)=O)C(C)=O)[C@@H]2CCC3=CC(=O)CCC3=C12,0,train
CN(NC(=O)CC(=O)NN(C)C(=S)c1ccccc1)C(=S)c1ccccc1,0,train
CN1C=C(C=C1C=CC(=O)NO)C=CC(=O)C2=CC(=CC=C2)F,0,train
CN1CC(CNC(=O)OCc2ccccc2)C[C@@H]2C1Cc1cn(C)c3cccc2c13,1,train
CN1C[C@@H](C[C@H]2[C@H]1Cc1c[nH]c3cccc2c13)C(=O)N[C@]1(C)O[C@@]2(O)[C@@H]3CCCN3C(=O)[C@H](Cc3ccccc3)N2C1=O,1,train
CNC(=O)[C@H](Cc1c[nH]c2ccccc12)NC(=O)[C@H](CC(C)C)CC(=O)NO,0,train
CNC(=O)[C@H](N1CCc2cc(OC)c(OC)cc2[C@@H]1CCc1ccc(cc1)C(F)(F)F)c1ccccc1,0,train
CNC(=O)c1cc(Oc2ccc(NC(=O)Nc3ccc(Cl)c(c3)C(F)(F)F)cc2)ccn1,1,train
CNC(=O)c1cnn(c1)-c1nc(N)c2ncn([C@@H]3O[C@H](CO)C(O)C3O)c2n1,0,train
CNCC(O)=O,0,train
CNS(=O)(=O)Cc1ccc2[nH]cc(CCN(C)C)c2c1,1,train
COC(=O)NC(C)CNc1nccc(n1)-c1cn(nc1-c1cc(Cl)cc(NS(C)(=O)=O)c1F)C(C)C,0,train
COC1=CC=C(C=C1)C2(CCOCC2)CNC(=O)C3=CC=C(C=C3)NC(=O)C4=CC=CO4,0,train
COC1C(O)[C@@H](O)C(O)C(O)[C@H]1O,0,train
COC1CC(CC(C)C2CC(=O)C(C)C=C(C)C(O)C(OC)C(=O)C(C)CC(C)C=CC=CC=C(C)C(CC3CCC(C)C(O)(O3)C(=O)C(=O)N3CCCCC3C(=O)O2)OC)CCC1OC(=O)C(C)(CO)CO,0,train
CO[C@@H]1C[C@H](C[C@@H](C)[C@@H]2CC(=O)[C@H](C)C=C(C)[C@@H](O)[C@@H](OC)C(=O)[C@H](C)C[C@H](C)C=CC=CC=C(C)[C@H](C[C@H]3CC[C@@H](C)[C@@](O)(O3)C(=O)C(=O)N3CCCC[C@H]3C(=O)O2)OC)CC[C@@H]1OC(=O)C(C)(CO)CO,0,train
COc1cc(C)c(Sc2cnc(NC(=O)c3ccc(CNC(C)C(C)C)cc3)s2)cc1C(=O)N1CCN(CC1)C(C)=O,0,train
COc1cc(CC=C)ccc1O,0,train
COc1cc(Nc2nc3ccccc3nc2NS(=O)(=O)c2ccc(NC(=O)c3ccc(C)c(OC)c3)cc2)cc(OC)c1,0,train
COc1cc(cc(OC)c1OC)C(=O)OCCCN1CCCN(CCCOC(=O)c2cc(OC)c(OC)c(OC)c2)CC1,0,train
COc1cc(ccc1O)C(C)=O,0,train
COc1cc2[C@H]3CC[C@]4(C)[C@@H](O)CC[C@H]4[C@@H]3CCc2cc1O,0,train
COc1cc2ncnc(Nc3cc(Br)c(O)c(Br)c3)c2cc1OC,0,train
COc1ccc(C(=O)c2ccccc2)c(O)c1,0,train
COc1ccc(C=C(C#N)C#N)cc1,0,train
COc1ccc(CN2CCN(CC2)C(c2ccc(F)cc2)c2ccc(F)cc2)c(OC)c1OC,0,train
COc1ccc(NS(=O)(=O)c2sc3ccc(Cl)cc3c2C)cc1N1CCNCC1,1,train
COc1ccc(Nc2ccn(n2)-c2ccccc2)cc1,0,train
COc1ccc(cc1O)C=C/c1cc(OC)c(OC)c(OC)c1,0,train
COc1ccc(cc1OC)S(=O)(=O)N1[C@@H](C(=O)N2CCC[C@H]2C(N)=O)[C@](O)(c2cc(Cl)ccc12)c1ccccc1Cl,0,train
COc1ccc(cc1OC1CCCC1)C1CNC(=O)C1,0,train
COc1ccc2C[C@H]3N(C)CCc4cc(OC)c(Oc5c6OCOc6cc6CCN(C)[C@@H](Cc7ccc(Oc1c2)cc7)c56)cc34,0,train
COc1ccc2[nH]cc(CCNC(C)=O)c2c1,0,train
COc1ccc2c(c1)C(=O)N(CCc1ccc(cc1)S(=O)(=O)NC(=O)NC1CCCCC1)C(=O)C2(C)C,0,train
COc1cccc(c1)-c1ccc(NC(=O)C2=C(CCC2)C(O)=O)c(F)c1,0,train
COc1nc(N)nc2n(cnc12)[C@@H]1O[C@H](CO)[C@@H](O)[C@@H]1O,0,train
COc1ncnc(NS(=O)(=O)c2ccc(N)cc2)c1OC,0,train
CS(=O)(=O)Nc1ccc2oc3c(OC(F)F)ccc(C(=O)Nc4c(Cl)cncc4Cl)c3c2c1,0,train
CSCCC(NC(=O)C(Cc1ccccc1)NC(=O)CNC(=O)CNC(=O)C(N)Cc1ccc(O)cc1)C(O)=O,0,train
C[C@@H]1CC(=O)NN=C1c1ccc(NN=C(C#N)C#N)cc1,0,train
C[C@@]1(CO)[C@H](O)CC[C@@]2(C)[C@@H](CC=C3/C(O)COC3=O)C(=C)CC[C@H]12,0,train
C[C@@]12CCC3=C4CCC(=O)C=C4CC[C@H]3[C@@H]1CC[C@@]2(O)CC#N,0,train
C[C@H](C=C[C@H](C)C(C)(C)O)[C@H]1CC[C@@H]2[C@]1(C)CCCC2=C/C=C1/C[C@@H](O)C[C@H](O)C1=C,0,train
C[C@H](C=C[C@H](C)C(C)(C)O)[C@H]1CC[C@@H]2[C@]1(C)CCCC2=C/C=C1C[C@@H](O)C[C@H](O)C1,0,train
C[C@H](CCC(O)=O)[C@@H]1CC[C@H]2[C@@H]3[C@H](O)C[C@@H]4C[C@H](O)CC[C@]4(C)[C@@H]3CC[C@]12C,0,train
C[C@H](CCC(O)=O)[C@H]1CC[C@H]2[C@@H]3CC[C@@H]4C[C@H](O)CC[C@]4(C)[C@H]3C[C@H](O)[C@]12C,0,train
C[C@H](CNC(=O)CC[C@]1(C)[C@@H](CC(N)=O)[C@@H]2[N+]3=C1C(C)=C1[C@@H](CCC(N)=O)C(C)(C)C4=[N+]1[Co]31(C#N)N3C([C@@H](CCC(N)=O)[C@](C)(CC(N)=O)[C@]23C)=C(C)C2=[N+]1C(=C4)[C@@H](CCC(N)=O)[C@]2(C)CC(N)=O)OP(O)(=O)O[C@@H]1[C@H](CO)O[C@@H]([C@@H]1O)n1cnc2cc(C)c(C)cc12,0,train
C[C@H]1C(=O)O[C@H]2[C@@H](O)C34[C@@H]5C[C@@H](C(C)(C)C)C33[C@H](O)C(=O)O[C@H]3O[C@]4(C(=O)O5)[C@@]12O,0,train
C[C@H]1CC2C3CC[C@](O)(C(C)=O)[C@@]3(C)C[C@H](O)[C@]2(F)C2(C)C=CC(=O)C=C12,0,train
C[C@H]1CNCCc2ccc(Cl)cc12,1,train
C[C@H]1O[C@H]([C@@H](O)[C@@H]1O)n1cc(F)c(=O)[nH]c1=O,0,train
Cc1cc2c(cc1C(=C)c1ccc(cc1)C(O)=O)C(C)(C)CCC2(C)C,0,train
Cc1ccc(NC(=O)C2(CC2)c2ccc3OC(F)(F)Oc3c2)nc1-c1cccc(c1)C(O)=O,0,train
Cc1ccc(cc1)N(CC1=NCCN1)c1cccc(O)c1,1,train
Cc1ccc(cc1)S(=O)(=O)NC(=O)NN1CC2CCCC2C1,0,train
Cc1ccc(cc1NC(=O)c1ccno1)C(=O)Nc1cc(NC(=O)C=C)cc(c1)C(F)(F)F,0,train
Cc1cccc(n1)-c1[nH]c(nc1-c1ccc2nccnc2c1)C(C)(C)C,0,train
Cc1ccccc1-n1c(CF)nc2ccc(N)cc2c1=O,0,train
Cc1cn[nH]c1,0,train
Cc1nc2CCN(C(=O)c3ccc(NC(=O)c4ccccc4-c4ccccc4)cc3)c3ccccc3-c2[nH]1,0,train
Cc1nccn1CC(=O)N(C(C(=O)NC1CCCCC1)c1ccccc1C)c1cccc(F)c1,0,train
Clc1ccc(Cl)c(c1)c2ccc(/C=C(C#N)/C(=O)Nc3cccc4ncccc34)o2,0,train
Clc1ccc([C@@H]2CSC(S2)=C(C#N)n2ccnc2)c(Cl)c1,0,train
Clc1ccc2Oc3ccccc3N=C(N3CCNCC3)c2c1,1,train
Clc1cccc(N2CCN(CCCCOc3ccc4CCC(=O)Nc4c3)CC2)c1Cl,1,train
Clc1cccc(c1)N1CCN(CCCn2nc3ccccn3c2=O)CC1,1,train
Clc1cccc(c1)N1CCNCC1,1,train
Cn1c(ccc1-c1ccc2NC(=S)OC(C)(C)c2c1)C#N,0,train
Cn1cc(C2=C(C(=O)NC2=O)c2ccc(Cl)cc2Cl)c2ccccc12,0,train
Cn1nnc2c(ncn2c1=O)C(N)=O,0,train
FC(F)(F)c1ccc(Oc2cccc(C=C3CCN(CC3)C(=O)Nc3cccnn3)c2)nc1,1,train
FC(F)C(F)(F)COc1cccc(CNCCc2c[nH]c3cc(F)ccc23)c1,1,train
FC(F)Oc1ccc(cc1OCC1CC1)C(=O)Nc1c(Cl)cncc1Cl,0,train
Fc1ccc(cc1)C(=O)C1CCN(CCn2c(=S)[nH]c3ccccc3c2=O)CC1,1,train
Fc1ccc(cc1)C(CCCN1CCC(CC1)n1c2ccccc2[nH]c1=O)c1ccc(F)cc1,1,train
Fc1ccc(cc1)C(N1CCN(CC1)c1nc(NCC=C)nc(NCC=C)n1)c1ccc(F)cc1,0,train
Ic1cccc(CSc2nnc(o2)c3ccncc3)c1,0,train
N=C1NC(=O)N2CC12,0,train
N=c1c[n+]([n-]o1)N1CCOCC1,0,train
NC(=O)NN=Cc1ccc(Oc2ccc(F)cc2)cc1,0,train
NC(=O)NO,0,train
NC(=O)N[C@@H](CCC(O)=O)C(O)=O,0,train
NC(=O)[C@H]1CCCc2c1[nH]c1ccc(Cl)cc21,0,train
NC1CCN(C1)c1c(F)cc2c(c1Cl)n(cc(C(O)=O)c2=O)C1CC1,0,train
NCCCCCC(O)=O,0,train
NCCCC[C@@H]1NC(=O)[C@@H](Cc2c[nH]c3ccccc23)NC(=O)[C@@H](NC(=O)[C@@H]2C[C@H](CN2C(=O)[C@H](Cc2ccccc2)NC(=O)[C@H](Cc2ccc(OCc3ccccc3)cc2)NC1=O)OC(=O)NCCN)c1ccccc1,0,train
NCCCS(O)(=O)=O,0,train
NC[C@H]1O[C@H](O[C@@H]2[C@@H](N)C[C@@H](N)[C@H](O[C@H]3O[C@H](CO)[C@@H](O)[C@H](N)[C@@H]3O)[C@@H]2O)[C@@H](N)C[C@@H]1O,0,train
N[C@H](C(=O)N1[C@@H]2C[C@H]2C[C@H]1C#N)C12CC3CC(CC(O)(C3)C1)C2,0,train
N[C@H]1[C@@H](CC[C@@H](OC(=O)N2CCC(CC2)n2c3cccnc3[nH]c2=O)c2ncccc12)c1cccc(F)c1F,0,train
Nc1ccn([C@@H]2CS[C@H](CO)O2)c(=O)n1,0,train
Nc1ccn([C@H]2C[C@H](O)[C@@H](CO)O2)c(=O)n1,0,train
Nc1nc(=O)n(cc1F)[C@@H]1CS[C@H](CO)O1,0,train
Nc1nc(NC2CC2)c2ncn(C3C[C@H](CO)C=C3)c2n1,0,train
Nc1ncn([C@H]2C[C@H](O)[C@@H](CO)O2)c(=O)n1,0,train
Nc1ncnc2n(cnc12)[C@@H]1O[C@H](CO)[C@@H](O)[C@@H]1O,0,train
O=C(C1CCCCC1)N1CC2N(CCc3ccccc23)C(=O)C1,0,train
O=C(N1CCN(CC1)C1CC1)c1ccc(CN2CCOCC2)cc1,0,train
O=C(NCCN1CCN(CC1)c1ncccn1)C12CC3CC(CC(C3)C1)C2,1,train
O=C1CC2(CCCC2)CC(=O)N1CCCCN1CCN(CC1)c1ncccn1,1,train
O=C1N(c2ccccc2C1(Cc1ccncc1)Cc1ccncc1)c1ccccc1,0,train
O=C1[C@H]2[C@@H]3CC[C@@H](C3)[C@H]2C(=O)N1C[C@@H]1CCCC[C@H]1CN1CCN(CC1)c1nsc2ccccc12,1,train
O=c1cc(oc2c3ccccc3ccc12)N1CCOCC1,0,train
O=c1ccc2ccc(OCCCCN3CCN(CC3)c3cccc4sccc34)cc2[nH]1,1,train
O=c1cccc2C3CNC[C@@H](C3)Cn12,0,train
OC(=O)C(=O)Nc1cc(cc(NC(=O)C(O)=O)c1Cl)C#N,0,train
OC(=O)C1=CCCN(CCOC(c2ccc(cc2)C(F)(F)F)c2ccc(cc2)C(F)(F)F)C1,0,train
OC(=O)C1CSCN1,0,train
OC(=O)C=Cc1ccc(cc1)-c1ccc(O)c(c1)C12CC3CC(CC(C3)C1)C2,0,train
OC(=O)CCC=C/C[C@@H]1CO[C@@H](O[C@@H]1c1ccccc1O)c1ccccc1Cl,0,train
OC(=O)CCCC=C/C[C@@H]1CO[C@@H](O[C@@H]1c1ccccc1O)C(F)(F)F,0,train
OC(=O)CCc1c[nH]c2ccccc12,0,train
OC(=O)C[C@H]1CC[C@@H](CC1)c1ccc(cc1)-c1ccc(Nc2ccc(nc2)C(F)(F)F)cn1,0,train
OC(=O)[C@@H]1CSCN1C(=O)[C@@H]1CCC(=O)N1,0,train
OC(=O)[C@H](Cc1c[nH]c2ccccc12)N1C(=O)c2ccccc2C1=O,0,train
OC(=O)[C@H](Cc1ccc(Nc2nccc3ccncc23)cc1)NC1=C(Br)C(=O)C11CCCCC1,0,train
OC(CCCN1CCCCC1)(c1ccccc1)c1ccccc1,1,train
OC1(CCN(CCCC(=O)c2ccc(F)cc2)CC1)c1ccc(Cl)cc1,1,train
OC1O[C@@H]2COC(O[C@H]2[C@H](O)[C@H]1O)c1ccccc1,0,train
OCC(CO)N[C@H]1C[C@@](O)(CO)[C@@H](O)[C@H](O)[C@H]1O,0,train
OCC(O)C(O)C(O)C(=O)CO,0,train
OCCN1CCN(CCCN2c3ccccc3Sc3ccc(cc23)C(F)(F)F)CC1,1,train
OCCNC(=O)Cn1ccnc1[N+]([O-])=O,0,train
OCCOCCN1CCN(CC1)C1=Nc2ccccc2Sc2ccccc12,1,train
OC[C@H](NC(=O)C(Cl)Cl)[C@H](O)c1ccc(cc1)[N+]([O-])=O,0,train
OC[C@H](O)[C@@H](O)[C@H](O)[C@H](O)CO,0,train
OC[C@H]1O[C@H](CC1O)n1cc(C=CBr)c(=O)[nH]c1=O,0,train
OC[C@H]1O[C@H](C[C@@H]1O)n1cc(Br)c(=O)[nH]c1=O,0,train
OC[C@H]1O[C@H]([C@H](O)[C@@H](O)[C@@H]1O)c1ccc(Cl)c(Cc2ccc(O[C@H]3CCOC3)cc2)c1,0,train
OP(O)(=O)Cn1c2cc(N3CCOCC3)c(cc2[nH]c(=O)c1=O)C(F)(F)F,0,train
Oc1c(Br)cc(cc1Br)-c1noc(n1)C(=O)NCc1ccc(Oc2ccccc2)cc1,0,train
Oc1c(Br)cc(cc1Br)C=C1/C(=O)Nc2ccc(I)cc12,0,train
Oc1ccccc1-c1ccc(cc1)-c1csc2[nH]c(=O)c(C#N)c(O)c12,0,train
C(c1ccccc1)n1c(nc2ccccc12)N1CCNCC1,0,test
CC(=CC[C@@H](C[C@]12C[C@H](C([C@](C1=O)(C(=O)C(=C(C3=CC(=C(C=C3)O)O)O)C2=O)CC=C(C)C)(C)C)C=C(C)C)C(=C)C)C,0,test
CC(C)(C#N)c1cc(Cn2cncn2)cc(c1)C(C)(C)C#N,0,test
CC(C)(Sc1cc(c(O)c(c1)C(C)(C)C)C(C)(C)C)Sc1cc(c(O)c(c1)C(C)(C)C)C(C)(C)C,0,test
CC(C)NC[C@@H](C(=O)N1CCN(CC1)c1ncnc2[C@@H](O)C[C@@H](C)c12)c1ccc(Cl)cc1,0,test
CC(C)OC(=O)C(C(=O)OC(C)C)=C1SC=CS1,0,test
CC(N)C1CCC(CC1)C(=O)Nc2ccncc2,0,test
CCCCC[C@H](O)C=C[C@H]1[C@H](O)C[C@H](O)[C@@H]1CC=C/CCCC(O)=O,0,test
CCCc1cc(=O)[nH]c(=S)[nH]1,0,test
CCOC(=O)[C@H](CCc1ccccc1)N[C@@H](C)C(=O)N1[C@H]2CCC[C@H]2C[C@H]1C(O)=O,0,test
CC[C@H](Nc1ncnc2[nH]cnc12)c1nc2cccc(F)c2c(=O)n1-c1ccccc1,0,test
CN(C)CCOC(c1ccccc1)c1ccccc1C,1,test
CN(C)CCc1c[nH]c2ccc(Cn3cncn3)cc12,1,test
CN(CC=CC#CC(C)(C)C)Cc1cccc2ccccc12,0,test
CN1CC(=O)N2[C@H](Cc3c([nH]c4ccccc34)[C@H]2c2ccc3OCOc3c2)C1=O,0,test
CN1CC(=O)N=C1NC(=O)Nc1cccc(Cl)c1,0,test
CN1CCCC(CN2c3ccccc3Sc3ccccc23)C1,1,test
CN1CCN(CC1)C(c1ccccc1)c1ccccc1,1,test
CN1CCN2C(C1)c1ccccc1Cc1cccnc21,1,test
CN1CCc2cccc-3c2[C@H]1Cc1ccc(O)c(O)c-31,1,test
CN1C[C@H]2[C@H](C1)c1cc(Cl)ccc1Oc1ccccc21,1,test
CNC(=N)NC(=O)Nc1c(C)cccc1C,0,test
CNCc1ccc(cc1)-c1[nH]c2cc(F)cc3C(=O)NCCc1c23,0,test
CN[C@H](CNC(=O)N1CCC[C@H](C1)[C@@H](OCCNC(=O)OC)c1cccc(Cl)c1)C[C@H]1CCCOC1,0,test
CO[C@@H]1CC(CC[C@H]1O)C=C(/C)[C@H]1OC(=O)[C@@H]2CCCCN2C(=O)C(=O)[C@]2(O)O[C@@H]([C@H](C[C@H]2C)OC)[C@H](C[C@@H](C)CC(C)=C[C@@H](CC=C)C(=O)C[C@H](O)[C@H]1C)OC,0,test
CO[C@H]1CC(O[C@H]2[C@@H](C)C=CC=C3/CO[C@@H]4C(=N/O)C(C)=C[C@@H](C(=O)O[C@H]5C[C@@H](CC=C2/C)O[C@@]2(CC[C@H](C)[C@H](O2)C2CCCCC2)C5)[C@]34O)O[C@@H](C)C1O,0,test
COc1cc(OC)c2c(c1)[nH]c(nc2=O)-c1cc(C)c(OCCO)c(C)c1,0,test
COc1cc2c(cc1O)occ(-c1ccc(O)cc1)c2=O,0,test
COc1cc2n(cc(C(O)=O)c(=O)c2cc1Cc1cccc(Cl)c1F)[C@H](CO)C(C)C,0,test
COc1ccc(cc1)-n1nc2c3CCCCCc3[nH]cc2c1=O,0,test
C[C@@H](N(c1cc(F)ccc1F)S(=O)(=O)c1ccc(Cl)cc1)c1ccc(F)cc1CCCC(O)=O,0,test
C[C@@]1(CCCN1)c1nc2c(cccc2[nH]1)C(N)=O,0,test
Cc1ccc(cc1)S(=O)(=O)NC(=O)NN1CCCCCC1,0,test
Cc1nc2CCCCn2c(=O)c1CCN1CCC(CC1)c1noc2cc(F)ccc12,1,test
Cc1sc-2c(c1C)C(=N[C@H](CC(=O)OC(C)(C)C)c1nnc(C)n-21)c1ccc(Cl)cc1,0,test
Fc1ccc(cc1)C(=O)C1CCN(CCn2c(=O)[nH]c3ccccc3c2=O)CC1,1,test
Fc1ccc(cc1)C(=O)CCCN1CCC(=CC1)n1c2ccccc2[nH]c1=O,1,test
NCC1(CC(O)=O)CCCCC1,0,test
Nc1nccc2n(cnc12)[C@@H]1O[C@H](CO)C(O)C1O,0,test
O=S(=O)(N1CCCNCC1)c1cccc2cnccc12,0,test
OC(=O)CCCCN(CCc1ccccc1OCc1ccc(CCc2ccccc2)cc1)Cc1ccc(cc1)C(O)=O,0,test
OC(=O)CCCc1ccccc1,0,test
OCC(O)COC(=O)c1ccccc1Nc1ccnc2cc(Cl)ccc12,0,test
OCCN(CCc1c[nH]c2ccccc12)Cc1ccc(C=CC(=O)NO)cc1,0,test
OCc1c[nH]c2ccccc12,0,test
ONC(=O)C=Cc1cccc(c1)S(=O)(=O)Nc1ccccc1,0,test
O[C@H]1CO[C@@H]2[C@@H](CO[C@H]12)O[N+]([O-])=O,0,test
Oc1ccc2ccccc2c1Cc1c(O)ccc2ccccc12,0,test
[2H]C([2H])([2H])C(O)(CCO[C@@H](C)[C@H]1CC[C@@H]2[C@]1(C)CCCC2=C/C=C1/C[C@@H](O)C[C@H](O)C1=C)C([2H])([2H])[2H],0,test
