canonical_smiles,cid,area_under_curve,label,split
Clc1cc(ccc1C(=O)Nc1ccc(Cl)c(c1)-c1ccccn1)S(C)(=O)=O,A375,6.9366,0,train
Cn1cc(cn1)-c1ccc2nnc(Sc3ccc4ncccc4c3)n2n1,HT29,14.489,0,train
O[C@H]1C=C2[C@@H](NC(=O)c3c(O)c4OCOc4cc23)[C@H](O)[C@@H]1O,MCF7,8.9755,0,train
O[C@H]1C=C2[C@@H](NC(=O)c3c(O)c4OCOc4cc23)[C@H](O)[C@@H]1O,PC3,11.667,0,train
Cc1cc(C)c(c(C)c1)S(=O)(=O)Nc1cccc(c1)C(F)(F)F,MCF7,5.0473,1,train
OC[C@H]1O[C@H]([C@H](O)[C@@H]1O)n2cnc3c(NCc4ccco4)ncnc23,HT29,6.1886,0,train
Cc1nc(SCc2nc3ccccc3[nH]2)c4oc5ccccc5c4n1,A375,6.4113,0,train
CC(C)(C)c1ccc(cc1)S(=O)(=O)NCc1ccc(cc1)C(=O)Nc1cccnc1,A375,11.4665,0,train
Cn1cncc1[C@](N)(c1ccc(Cl)cc1)c1ccc2n(C)c(=O)cc(-c3cccc(Cl)c3)c2c1,MCF7,10.4333,0,train
O=C(NCCN1CCC2(CC1)N(CNC2=O)c1ccccc1)c1ccc2ccccc2c1,PC3,14.62,0,train
OC(CN1CCNCC1)Cn1c2ccc(Br)cc2c2cc(Br)ccc12,HT29,9.96225,0,train
Nc1ncn([C@H]2C[C@H](O)[C@@H](CO)O2)c(=O)n1,A375,14.2235,0,train
CNC(=O)c1ccc(cc1F)N1C(=S)N(C(=O)C1(C)C)c1ccc(C#N)c(c1)C(F)(F)F,HT29,6.5596,0,train
Clc1cc(ccc1C(=O)Nc1ccc(Cl)c(c1)-c1ccccn1)S(C)(=O)=O,HT29,5.7203,0,train
COC(=O)C1=C(C)NC(C)=C(C1c1ccccc1[N+]([O-])=O)C(=O)OC,MCF7,6.7457,0,train
CN(C)CC[C@H](CSc1ccccc1)Nc1ccc(cc1[N+]([O-])=O)S(=O)(=O)NC(=O)c1ccc(cc1)N1CCN(Cc2ccccc2-c2ccc(Cl)cc2)CC1,PC3,9.8537,0,train
COc1ccc(cc1CO)-c1ccc2c(nc(nc2n1)N1C[C@H](C)O[C@H](C)C1)N1CCOCC1,A375,13.288,0,train
CCC(C)SSc1ncc[nH]1,A375,10.131766666666666,0,train
C[C@@H](CO)N1C[C@@H](C)[C@@H](CN(C)Cc2ccc(cc2)C(=O)Nc3ccccc3N)Oc4c(NC(=O)Nc5ccccc5)cccc4C1=O,MCF7,12.175,0,train
CC[C@@]1(O)C(=O)OCc2c1cc1-c3nc4ccc(O)c(CN(C)C)c4cc3Cn1c2=O,PC3,10.294,0,train
COc1nc(N)nc2n(cnc12)[C@@H]1O[C@H](CO)[C@@H](O)[C@@H]1O,MCF7,16.789,0,train
COc1cc2c(ncnc2cc1OCCCN1CCCCC1)N1CCN(CC1)C(=O)Nc1ccc(OC(C)C)cc1,PC3,14.059,0,train
ONC(=O)CCCCCCC(=O)N/N=C/c1ccc(cc1)N(c2ccccc2)c3ccccc3,PC3,5.178,1,train
CNC(=O)c1ccc(cc1F)N1C(=S)N(C(=O)C1(C)C)c1ccc(C#N)c(c1)C(F)(F)F,A375,6.8286,0,train
COc1cc2nccc(Oc3ccc(NC(=O)Nc4ccc(F)cc4F)c(F)c3)c2cc1OC,PC3,14.305,0,train
Oc1ccc(C[C@@H]2N3[C@H](CN(Cc4cccc5ccccc45)C2=O)N(CCC3=O)C(=O)NCc2ccccc2)cc1,MCF7,9.6905,0,train
CN(C)CC(=O)Nc1ccc2[nH]c(=O)c3ccccc3c2c1,A375,5.7942,0,train
N#CC[C@H](C1CCCC1)n1cc(cn1)-c1ncnc2[nH]ccc12,MCF7,14.928,0,train
C[C@@]1(CCCN1)c1nc2c(cccc2[nH]1)C(N)=O,MCF7,15.0,0,train
CC(Nc1ccccc1)c1cc(C)cn2c1nc(cc2=O)N1CCOCC1,PC3,14.078,0,train
COc1nc(N)nc2n(cnc12)[C@@H]1O[C@H](CO)[C@@H](O)[C@@H]1O,A375,16.4175,0,train
OCCSC1=C(SCCO)C(=O)c2ccccc2C1=O,HT29,10.35385,0,train
Cc1cc2nc(NCCCO)n(CC(=O)c3cc(c(O)c(c3)C(C)(C)C)C(C)(C)C)c2cc1C,HT29,10.23645,0,train
ON=C1c2cc(ccc2-c2ccc(cc12)S(=O)(=O)N1CCCCC1)S(=O)(=O)N1CCCCC1,MCF7,10.7228,0,train
N1c2ccccc2Nc3nc4ccccc4nc13,PC3,6.5194,0,train
CCC(C)SSc1ncc[nH]1,HT29,10.06035,0,train
CC(C)c1ccccc1Cc1cc(C(=O)Nc2ccc(cc2)S(=O)(=O)c2ccccc2C(C)(C)C)c(O)c(O)c1O,PC3,11.47,0,train
N[C@@H](CC(=O)N1CCn2c(C1)nnc2C(F)(F)F)Cc1cc(F)c(F)cc1F,A375,17.669,0,train
C[C@H]1CN(C[C@@H](C)O1)c1ccc(NC(=O)c2cccc(-c3ccc(OC(F)(F)F)cc3)c2C)cn1,A375,12.3371,0,train
Nc1ncn([C@H]2C[C@H](O)[C@@H](CO)O2)c(=O)n1,PC3,15.284,0,train
C[C@@]1(O)C[C@@H](C1)c1nc(-c2ccc3ccc(nc3c2)-c2ccccc2)c2c(N)nccn12,PC3,6.5979,0,train
CS(=O)(=O)c1cccc(CNc2nc(Nc3ccc4NC(=O)CCc4c3)ncc2C(F)(F)F)c1,MCF7,13.738,0,train
Clc1cc(ccc1C(=O)Nc1ccc(Cl)c(c1)-c1ccccn1)S(C)(=O)=O,PC3,6.5297,0,train
COc1cc2ncnc(Nc3ccc(F)c(Cl)c3)c2cc1OCCCN1CCOCC1,PC3,14.621,0,train
Cc1ccc(C=C2CNCC(=Cc3ccc(C)cc3)C2=O)cc1,MCF7,13.558,0,train
OCc1ccc(s1)-c1ccc(o1)-c1ccc(CO)s1,PC3,10.49535,0,train
COc1ccc(cc1)C(=O)CC1(O)C(=O)Nc2c1c(Cl)ccc2Cl,MCF7,13.488,0,train
O=C1C2CC=CCC2C(=O)N1c1nc(n[nH]1)-c1ccccc1,PC3,6.9773,0,train
O[C@H]1C=C2[C@@H](NC(=O)c3c(O)c4OCOc4cc23)[C@H](O)[C@@H]1O,A375,3.75467,1,train
CC(=O)NC[C@@H]1C[C@H](CN1)NS(=O)(=O)c1cccc2cncc(C)c12,MCF7,17.994,0,train
ClC1=C(NCC=C)C(=O)c2ccccc2C1=O,MCF7,15.072,0,train
COc1ccc(cc1)S(=O)(=O)N2CCN(CC2)S(=O)(=O)c3ccc4OCCOc4c3,PC3,10.5332,0,train
OC(=O)c1ccc(NCc2nc3cc4ccccc4cc3[nH]2)cc1,MCF7,13.329,0,train
CN(C)Cc1ccc(cc1)-c1nc2cccc3C(=O)NCCn1c23,A375,5.285,1,train
COC(=O)C(CC#Cc1ccc2NC(=O)[C@@]3([C@H]([C@H]4N([C@H]3c5ccccc5OCCO)[C@@H]([C@@H](OC4=O)c6ccccc6)c7ccccc7)C(=O)N8CCN(CC8)c9ncccn9)c2c1)C(=O)OC,MCF7,15.0,0,train
Cc1nc2c(O)cccc2c(=O)[nH]1,A375,6.7212,0,train
ClCCN(CCCl)P1(=O)NCCCO1,HT29,14.062,0,train
CCCc1nn(C)c2c1nc([nH]c2=O)-c1cc(ccc1OCC)S(=O)(=O)N1CCN(C)CC1,PC3,14.999,0,train
OC(=O)CC[C@H]1CC[C@@](CC1)(c1cc(F)ccc1F)S(=O)(=O)c1ccc(Cl)cc1,A375,14.5735,0,train
Cc1cc(C(=O)CN2C(=O)CCC2=O)c(C)n1Cc3ccccc3,MCF7,10.2792,0,train
CN(C)c1nc(N)nc(CSc2nnnn2c3cccc4ccccc34)n1,A375,6.8166,0,train
Fc1ccc(Cc2n[nH]c(=O)c3ccccc23)cc1C(=O)N1CCN(CC1)C(=O)C1CC1,PC3,14.733,0,train
CC(=C)[C@@H]1CC[C@@]2(CC[C@]3(C)[C@H](CC[C@@H]4[C@@]5(C)CC[C@H](O)C(C)(C)[C@@H]5CC[C@@]34C)[C@@H]12)C(O)=O,A375,16.655,0,train
CC(C)N1CCC(CC1)NC2=NC(=NC3=CC(=C(C=C32)OC)OCCCN4CCCC4)C5CCCCC5,PC3,9.92165,0,train
FC(F)(F)Oc1ccc(NC(=O)c2sccc2NCc2ccnc3ccccc23)cc1,A375,12.475999999999999,0,train
Cn1c(CCCC(O)=O)nc2cc(ccc12)N(CCCl)CCCl,A375,15.53,0,train
COc1ccc(OC)c(c1)c2nnc3SCC(=Nn23)c4ccc(OC)c(OC)c4,HT29,11.00595,0,train
NC(=O)c1ccc(cc1)-c1nc(c([nH]1)-c1ccccn1)-c1ccc2OCOc2c1,PC3,15.72,0,train
NC(=O)[C@H]1CCCc2c1[nH]c1ccc(Cl)cc21,HT29,11.1573,0,train
COc1ccc(cc1)S(=O)(=O)N(C)C[C@@H]2Oc3c(NC(=O)Nc4cccc5ccccc45)cccc3C(=O)N(C[C@H]2C)[C@@H](C)CO,HT29,15.035,0,train
CCN1CCN(CC(=O)Nc2ccc(-c3cccc4c3oc(cc4=O)N3CCOCC3)c3sc4ccccc4c23)CC1,PC3,13.323,0,train
Nc1ccn([C@@H]2O[C@H](CO)[C@@H](O)[C@@H]2O)c(=O)n1,PC3,14.995,0,train
COc1ccc(Nc2nc(N)nc(CN3CCCCC3)n2)cc1,HT29,5.8345,0,train
Cc1cccc(n1)-c1nn2CCCc2c1-c1ccnc2ccc(cc12)C(N)=O,MCF7,14.819,0,train
COc1ccc(cc1)S(=O)(=O)N(C(C)=O)c1ccccc1C=Cc1cc[n+]([O-])cc1,PC3,13.495,0,train
CN(C)C(=O)n1nnnc1Cc1ccc(cc1)-c1ccccc1,PC3,8.7035,0,train
NC(=O)Nc1sc(cc1C(N)=O)-c1ccc(F)cc1,MCF7,13.29,0,train
Cn1nnc2c(ncn2c1=O)C(N)=O,PC3,14.109000000000002,0,train
CC(C)CC#Cc1ccc2c(O[C@@H](CN(C)C(=O)c3cnccn3)[C@H](C)CN([C@H](C)CO)S2(=O)=O)c1,HT29,16.098,0,train
OC(=O)c1ccc(cc1)c2ccc(/C=C3/SC(=NC3=O)Nc4cccc(c4)C(=O)O)o2,A375,6.654,0,train
CC(C)(C)c1ccc(cc1)S(=O)(=O)NCc1ccc(cc1)C(=O)Nc1cccnc1,PC3,7.7541,0,train
COc1cc2ncnc(Nc3ccc(F)c(Cl)c3)c2cc1OCCCN1CCOCC1,HT29,13.606,0,train
CC(Nc1nc(nc2ccccc12)N3CCCC3)c4ccccc4,A375,11.026266666666665,0,train
O=C(NCCN1CCC2(CC1)N(CNC2=O)c1ccccc1)c1ccc2ccccc2c1,HT29,10.11065,0,train
CNNCc1ccc(cc1)C(=O)NC(C)C,A375,15.579,0,train
COc1cc2c(NC3CCN(C)CC3)nc(nc2cc1OCCOCCN(C)C)N1CCCN(C)CC1,HT29,11.0458,0,train
Cc1cc(cc2[nH]c(nc12)-c1c(NC[C@@H](O)c2cccc(Cl)c2)cc[nH]c1=O)N1CCOCC1,PC3,9.80715,0,train
CCCN(CCC)CCNC(=O)C1CCN(Cc2nc(oc2C)c3ccc(Cl)cc3)CC1,PC3,6.4611,0,train
NC(CCC(O)=O)C(=O)N1CCC[C@H]1B(O)O,A375,6.8468,0,train
CCCCc1ccc2[nH]c(NC(=O)OC)nc2c1,HT29,9.40575,0,train
CCC(C)N(C)C(=O)c1cc2ccccc2c(n1)-c1ccccc1Cl,A375,5.3153,1,train
O=C(CCCCCCCn1cc(nn1)-c1cccnc1)Nc1ccccc1-c1ccccc1,HT29,10.8855,0,train
COc1cc2ncn(-c3cc(OCc4ccccc4S(C)(=O)=O)c(s3)C#N)c2cc1OC,PC3,15.1,0,train
COc1cc(ccc1Nc1ncc(Cl)c(Oc2cccc(NC(=O)C=C)c2)n1)N1CCN(C)CC1,PC3,14.329,0,train
OC(CN1CCNCC1)Cn1c2ccc(Br)cc2c2cc(Br)ccc12,PC3,9.2803,0,train
Nc1ncn([C@H]2C[C@H](O)[C@@H](CO)O2)c(=O)n1,HT29,15.159,0,train
CCOc1ccccc1-n1c(=O)c2ccccc2nc1C(C)N1CCN(CC1)C(=O)COc1ccc(Cl)cc1,A375,10.064366666666666,0,train
Cc1ccc(cc1)-n1nc(cc1NC(=O)Nc1ccc(OCCN2CCOCC2)c2ccccc12)C(C)(C)C,PC3,13.809,0,train
CN(CCOc1ccc(CC2SC(=O)NC2=O)cc1)c1ccccn1,MCF7,6.3629999999999995,0,train
C1CCC(CC1)n1cnc2c(Nc3ccc(cc3)N3CCOCC3)nc(Oc3cccc4ccccc34)nc12,PC3,13.484000000000002,0,train
OC(=O)c1nn(Cc2ccc(Cl)cc2Cl)c2ccccc12,MCF7,6.2833,0,train
Cn1cncc1[C@](N)(c1ccc(Cl)cc1)c1ccc2n(C)c(=O)cc(-c3cccc(Cl)c3)c2c1,PC3,10.36895,0,train
C[C@@H](CO)N1C[C@@H](C)[C@@H](CN(C)Cc2ccc(cc2)C(=O)Nc3ccccc3N)Oc4c(NC(=O)Nc5ccccc5)cccc4C1=O,HT29,13.942,0,train
CC(C)(C#N)c1ccc(cc1)N1C(=O)OCc2cnc3ccc(cc3c12)-c1cnc2ccccc2c1,PC3,13.759,0,train
O=C(Nc1ccccc1)N2CCC(Cc3cnc4ccccc4c3)CC2,PC3,12.7,0,train
CCCCCCCCCC(=O)N[C@H](CN1CCOCC1)[C@H](O)c2ccccc2,HT29,9.17825,0,train
Oc1ccc(C[C@@H]2N3[C@H](CN(Cc4cccc5ccccc45)C2=O)N(CCC3=O)C(=O)NCc2ccccc2)cc1,HT29,11.95305,0,train
CCN(CC)CCCC(C)Nc1nc(C)cc(Nc2ccc3nc(C)cc(N)c3c2)n1,MCF7,7.44965,0,train
CC1(C)Oc2ccc3C4=C[C@@]56NC(=O)[C@]7(CCCN7C5=O)C[C@H]6C(C)(C)C4=[N+]([O-])c3c2C=C1,PC3,9.67395,0,train
CC(C)CC#Cc1ccc2c(O[C@@H](CN(C)C(=O)c3cnccn3)[C@H](C)CN([C@H](C)CO)S2(=O)=O)c1,MCF7,13.438,0,train
CNCc1ccc(cc1)-c1[nH]c2cc(F)cc3C(=O)NCCc1c23,A375,6.382999999999999,0,train
CC(C)(C)OC(=O)Nc1ccc(cc1)-c1cc(no1)C(=O)NCCCCCCC(=O)NO,HT29,8.7259,0,train
CCc1nnc2sc(nn12)c3ccc(N)cc3,HT29,6.0892,0,train
CCCCCCN(CCCCCC)C(=O)Cc1c([nH]c2ccccc12)-c1ccc(F)cc1,MCF7,11.1081,0,train
Cc1cc2c(cc1C(=C)c1ccc(cc1)C(O)=O)C(C)(C)CCC2(C)C,MCF7,14.767,0,train
O=C(Nc1cccc2cccnc12)c1ccc(cc1)N1C(=O)[C@H]2[C@@H]3C[C@@H](C=C3)[C@H]2C1=O,A375,6.9301,0,train
CCN1CCN(CC(=O)Nc2ccc(-c3cccc4c3oc(cc4=O)N3CCOCC3)c3sc4ccccc4c23)CC1,A375,9.522733333333333,0,train
CN(CCOc1ccc(CC2SC(=O)NC2=O)cc1)c1ccccn1,A375,6.3022,0,train
CC(C)(C)Sc1c(CC(C)(C)C(O)=O)n(Cc2ccc(Cl)cc2)c2ccc(OCc3ccc4ccccc4n3)cc12,MCF7,4.9183,1,train
CC(Nc1ccccc1)c1cc(C)cn2c1nc(cc2=O)N1CCOCC1,HT29,13.964,0,train
COc1cc2ncn(-c3cc(OCc4ccccc4C(F)(F)F)c(s3)C(N)=O)c2cc1OC,HT29,10.86795,0,train
CCCCCCN(CCCCCC)C(=O)Cc1c([nH]c2ccccc12)-c1ccc(F)cc1,HT29,11.04705,0,train
C[C@@]1(O)C[C@@H](C1)c1nc(-c2ccc3ccc(nc3c2)-c2ccccc2)c2c(N)nccn12,A375,5.1132,1,train
CC(C)C(=O)Nc1ccc(c(c1)C(F)(F)F)[N+]([O-])=O,MCF7,6.2727,0,train
CC(=O)Nc1ccc(cc1)C(=O)Nc1ccc(F)cc1N,PC3,14.302,0,train
Cc1ccccc1n2c(Cn3cnc4c(N)ncnc34)nc5cccc(C)c5c2=O,MCF7,14.915,0,train
Oc1cccc2cc(C(=O)Nc3cccc(c3)-c3cn4ccccc4n3)c(=O)oc12,PC3,10.038,0,train
COc1cc(cc(OC)c1O)[C@H]1[C@@H]2[C@H](COC2=O)[C@H](O[C@@H]2O[C@@H]3CO[C@@H](C)O[C@H]3[C@H](O)[C@H]2O)c2cc3OCOc3cc12,PC3,14.564,0,train
Brc1cc2OCOc2cc1C3Nc4ccccc4C5C=CCC53,PC3,14.732,0,train
CN(C)CC[C@H](CSc1ccccc1)Nc1ccc(cc1[N+]([O-])=O)S(=O)(=O)NC(=O)c1ccc(cc1)N1CCN(Cc2ccccc2-c2ccc(Cl)cc2)CC1,A375,11.849233333333334,0,train
CN(C)Cc1ccc(cc1)-c1nc2cccc3C(=O)NCCn1c23,HT29,5.8169,0,train
NC(=O)c1ccc(cc1)-c1nc(c([nH]1)-c1ccccn1)-c1ccc2OCOc2c1,A375,15.1785,0,train
CN(C)c1ccccc1CN1CCCN(Cc2ccccc2N(C)C)C1c1ccncc1,PC3,14.834,0,train
COc1cc(Nc2ncc3CN=C(c4cc(Cl)ccc4-c3n2)c2c(F)cccc2OC)ccc1C(O)=O,A375,14.9615,0,train
Nc1ccn([C@@H]2O[C@H](CO)[C@@H](O)[C@@H]2O)c(=O)n1,A375,10.5053,0,train
OC(=O)CC[C@H]1CC[C@@](CC1)(c1cc(F)ccc1F)S(=O)(=O)c1ccc(Cl)cc1,MCF7,13.6,0,train
Cc1cc2c(cc1C(=C)c1ccc(cc1)C(O)=O)C(C)(C)CCC2(C)C,PC3,15.442,0,train
C[C@H](CO)N1C[C@H](C)[C@H](CN(C)Cc2ccc3OCCOc3c2)OCc4cn(CCCC1=O)nn4,MCF7,15.147,0,train
C[C@@H](N(c1cc(F)ccc1F)S(=O)(=O)c1ccc(Cl)cc1)c1ccc(F)cc1CCCC(O)=O,PC3,6.8571,0,train
C[C@@H](CO)N1C[C@@H](C)[C@H](CN(C)S(=O)(=O)c2ccc3OCCOc3c2)Oc4c(NC(=O)Nc5cccc6ccccc56)cccc4C1=O,HT29,6.9749,0,train
Cc1cc(C(=O)CN2C(=O)CCC2=O)c(C)n1Cc3ccccc3,A375,12.925000000000002,0,train
CCC(C)SSc1ncc[nH]1,PC3,14.838,0,train
OP(O)(=O)C(F)(F)c1cc2cc(ccc2cc1Br)C#N,HT29,6.0898,0,train
CCCCc1nc(Cl)c(CO)n1Cc1ccc(cc1)-c1ccccc1-c1nnn[nH]1,HT29,7.6658,0,train
COc1cc2nccc(Oc3ccc(NC(=O)Nc4ccc(F)cc4F)c(F)c3)c2cc1OC,HT29,14.99,0,train
CCCCCCN(CCCCCC)C(=O)Cc1c([nH]c2ccccc12)-c1ccc(F)cc1,PC3,6.3967,0,train
C[C@@]1(CCCN1)c1nc2c(cccc2[nH]1)C(N)=O,A375,11.543466666666667,0,train
CC(C)[C@@]12O[C@H]2[C@@H]3O[C@]34[C@]5(O[C@H]5C[C@H]6C7=C(CC[C@@]64C)C(=O)OC7)[C@@H]1O,PC3,8.2351,0,train
N[C@@H](CCl)C(=O)O,MCF7,4.713,1,train
Brc1ccc(OCc2ccccc2Br)c(/C=C3/SC(=S)NC3=O)c1,MCF7,10.4862,0,train
Cn1c(=O)c([N+](=O)[O-])c(Cl)c2ccccc12,MCF7,3.679,1,train
C[C@@H](CO)N1C[C@@H](C)[C@@H](CN(C)Cc2ccc(cc2)C(=O)Nc3ccccc3N)Oc4c(NC(=O)Nc5ccccc5)cccc4C1=O,PC3,15.493,0,train
CN(C)c1nc(N)nc(CSc2nnnn2c3cccc4ccccc34)n1,PC3,6.787000000000001,0,train
O=C1c2ccccc2-c2n[nH]c3cccc1c23,HT29,14.796,0,train
COc1ccc(cc1CO)-c1ccc2c(nc(nc2n1)N1C[C@H](C)O[C@H](C)C1)N1CCOCC1,PC3,12.175,0,train
CC[C@@H]1NC(=O)[C@H]([C@H](O)[C@H](C)C/C=C/C)N(C)C(=O)[C@H](C(C)C)N(C)C(=O)[C@H](CC(C)C)N(C)C(=O)[C@H](CC(C)C)N(C)C(=O)[C@@H](C)NC(=O)[C@H](C)NC(=O)[C@H](CC(C)C)N(C)C(=O)[C@@H](NC(=O)[C@H](CC(C)C)N(C)C(=O)CN(C)C1=O)C(C)C,MCF7,9.57695,0,train
Cc1cccc(n1)-c1n[nH]cc1-c1ccc2ncccc2n1,PC3,7.2794,0,train
Fc1c[nH]c(=O)[nH]c1=O,PC3,14.453,0,train
C[C@@]1(O)C[C@@H](C1)c1nc(-c2ccc3ccc(nc3c2)-c2ccccc2)c2c(N)nccn12,MCF7,3.9176,1,train
CCC(C)n1ncn(c2ccc(cc2)N3CCN(CC3)c4ccc(OCC5COC(Cn6cncn6)(O5)c7ccc(Cl)cc7Cl)cc4)c1=O,A375,11.7256,0,train
COc1ccccc1-c1cccc(c1)-c1nc(cc2CN([C@@H](CCO)c12)[S@@](=O)C(C)(C)C)C(=O)NCc1ccncc1,PC3,14.98,0,train
COc1ccc(OC)c(c1)c2nnc3SCC(=Nn23)c4ccc(OC)c(OC)c4,PC3,8.46805,0,train
CCC(C)n1ncn(c2ccc(cc2)N3CCN(CC3)c4ccc(OCC5COC(Cn6cncn6)(O5)c7ccc(Cl)cc7Cl)cc4)c1=O,MCF7,10.83,0,train
CN(c1ccc2c(C)n(C)nc2c1)c1ccnc(Nc2ccc(C)c(c2)S(N)(=O)=O)n1,PC3,13.975,0,train
COC(=O)C1=C(C)NC(C)=C(C1c1ccccc1[N+]([O-])=O)C(=O)OC,A375,6.3849,0,train
C[As](C)SC[C@H](NC(=O)CC[C@H](N)C(O)=O)C(=O)NCC(O)=O,A375,12.178433333333333,0,train
CC(=O)Nc1ccc(cc1)C(=O)Nc1ccc(F)cc1N,A375,14.807,0,train
CC(C)n1cnc2c(NCc3ccccc3)nc(NCCO)nc12,PC3,13.716,0,train
CCCS(=O)(=O)Nc1ccc(F)c(C(=O)c2c[nH]c3ncc(Cl)cc23)c1F,PC3,14.894,0,train
CS(=O)(=O)c1cccc(CNc2nc(Nc3ccc4NC(=O)CCc4c3)ncc2C(F)(F)F)c1,A375,12.8305,0,train
Cc1ccc2c(c1)-c1ccc3cccnc3c1NS2(=O)=O,HT29,5.5972,0,train
Nc1cccc2C(=O)N(Cc12)C1CCC(=O)NC1=O,A375,7.2108,0,train
COc1ccc(cc1)S(=O)(=O)N2CCN(CC2)S(=O)(=O)c3ccc4OCCOc4c3,MCF7,10.82845,0,train
O=S1(=O)Nc2c(ccc3cccnc23)-c4ccccc41,A375,2.9581,1,train
OCCn1cc(cn1)-c1cnc2nnn(Cc3ccc4ncccc4c3)c2n1,A375,7.2119,0,train
CC(C)c1ccccc1Cc1cc(C(=O)Nc2ccc(cc2)S(=O)(=O)c2ccccc2C(C)(C)C)c(O)c(O)c1O,HT29,8.663549999999999,0,train
CCNC(=O)c1noc(c1-c1ccc(CN2CCOCC2)cc1)-c1cc(C(C)C)c(O)cc1O,A375,4.4605,1,train
C1CN(CCO1)c2nnc(c3ccccc3)c(n2)c4ccccc4,HT29,10.1194,0,train
O=C(NCCN1CCC2(CC1)N(CNC2=O)c1ccccc1)c1ccc2ccccc2c1,MCF7,10.0219,0,train
CN1CCN(Cc2ccc(cc2)C(=O)Nc2ccc(C)c(Nc3nc(cs3)-c3cccnc3)c2)CC1,HT29,13.906,0,train
FC(F)(F)Oc1ccc(NC(=O)c2sccc2NCc2ccnc3ccccc23)cc1,MCF7,14.004,0,train
CCOc1ccc(cc1OCC)c2nc(no2)c3ccncc3,PC3,7.1584,0,train
CN1CCN(Cc2ccc(cc2)C(=O)Nc2ccc(C)c(Nc3nc(cs3)-c3cccnc3)c2)CC1,MCF7,13.28,0,train
Nc1ccn([C@@H]2O[C@H](CO)[C@@H](O)[C@@H]2O)c(=O)n1,MCF7,12.753,0,train
CC(=O)Nc1ccc(cc1)C(=O)Nc1ccc(F)cc1N,MCF7,14.228,0,train
ClCCN(CCCl)P1(=O)NCCCO1,MCF7,14.677,0,train
CN1C(=S)NC(Cc2c[nH]c3ccccc23)C1=O,MCF7,9.8121,0,train
CC[C@@H]1NC(=O)[C@H]([C@H](O)[C@H](C)C/C=C/C)N(C)C(=O)[C@H](C(C)C)N(C)C(=O)[C@H](CC(C)C)N(C)C(=O)[C@H](CC(C)C)N(C)C(=O)[C@@H](C)NC(=O)[C@H](C)NC(=O)[C@H](CC(C)C)N(C)C(=O)[C@@H](NC(=O)[C@H](CC(C)C)N(C)C(=O)CN(C)C1=O)C(C)C,PC3,9.6965,0,train
CC1(C)CCC(C)(C)c2cc(ccc12)C(=O)Nc1ccc(cc1)C(O)=O,A375,10.2741,0,train
Cn1c(=O)c([N+](=O)[O-])c(Cl)c2ccccc12,HT29,5.1682,1,train
CC1(C)Oc2ccc3C4=C[C@@]56NC(=O)[C@]7(CCCN7C5=O)C[C@H]6C(C)(C)C4=[N+]([O-])c3c2C=C1,HT29,7.2159,0,train
ClCCN(CCCl)P1(=O)NCCCO1,A375,15.0225,0,train
CC(C)(C)OC(=O)Nc1ccc(cc1)-c1cc(no1)C(=O)NCCCCCCC(=O)NO,MCF7,13.035,0,train
CCNC(=O)c1noc(c1-c1ccc(CN2CCOCC2)cc1)-c1cc(C(C)C)c(O)cc1O,MCF7,5.4191,1,train
CC(C)n1cnc2c(NCCc3ccc(O)cc3)nc(nc12)-c1csc2ccccc12,PC3,14.249,0,train
COCCOC(=O)N1C(=O)[C@]2([C@@H]([C@@H]3N([C@@H]2c4ccccc4OCCO)[C@H]([C@H](OC3=O)c5ccccc5)c6ccccc6)C(=O)NCC=C)c7cc(C#CCC(C(=O)OC)C(=O)OC)ccc17,MCF7,15.0,0,train
C(Nc1nc(NCc2ccccc2)c2ccccc2n1)c1ccccc1,HT29,13.432,0,train
OC(=O)c1ccc(cc1)c2ccc3cc(c(O)cc3c2)C4(CC5CC6CC(C5)C4)C6,MCF7,9.96895,0,train
CCC(C)n1ncn(c2ccc(cc2)N3CCN(CC3)c4ccc(OCC5COC(Cn6cncn6)(O5)c7ccc(Cl)cc7Cl)cc4)c1=O,HT29,10.52785,0,train
CC(C)CNc1ccnc(NCc2csc(n2)-c2ccccc2)n1,MCF7,12.026,0,train
COc1cc2ncn(-c3cc(OCc4ccccc4S(C)(=O)=O)c(s3)C#N)c2cc1OC,MCF7,15.0,0,train
COc1cc2nccc(Oc3ccc(NC(=O)NC4CC4)c(Cl)c3)c2cc1C(N)=O,PC3,14.771,0,train
CCN(CCO)CCCOc1ccc2c(Nc3cc(CC(=O)Nc4cccc(F)c4)[nH]n3)ncnc2c1,HT29,14.719,0,train
CC(C)CC#Cc1ccc2c(O[C@@H](CN(C)C(=O)c3cnccn3)[C@H](C)CN([C@H](C)CO)S2(=O)=O)c1,A375,15.128,0,train
Cc1ccc(cc1)C(=O)Cn1c2CCCCc2sc1=N,MCF7,9.96735,0,train
C(Cc1c[nH]c2ccccc12)Nc1cccc(Nc2ccncc2)c1,PC3,9.92995,0,train
OCCn1cc(cn1)-c1cnc2nnn(Cc3ccc4ncccc4c3)c2n1,MCF7,6.7997,0,train
CNC(=O)c1cc(Oc2ccc(NC(=O)Nc3ccc(Cl)c(c3)C(F)(F)F)cc2)ccn1,MCF7,14.078,0,train
C[C@@H](N(c1cc(F)ccc1F)S(=O)(=O)c1ccc(Cl)cc1)c1ccc(F)cc1CCCC(O)=O,HT29,5.6320000000000014,0,train
COc1ccc(cc1)S(=O)(=O)N2CCN(CC2)S(=O)(=O)c3ccc4OCCOc4c3,HT29,10.1177,0,train
CCCc1nn(C)c2c1nc([nH]c2=O)-c1cc(ccc1OCC)S(=O)(=O)N1CCN(C)CC1,HT29,13.535,0,train
CN[C@@H]1C[C@H]2O[C@@](C)([C@@H]1OC)n3c4ccccc4c5c6CNC(=O)c6c7c8ccccc8n2c7c35,MCF7,14.919,0,train
CN1C(=S)NC(Cc2c[nH]c3ccccc23)C1=O,A375,11.692233333333334,0,train
NC(=O)c1ccc(cc1)-c1nc(c([nH]1)-c1ccccn1)-c1ccc2OCOc2c1,MCF7,13.925,0,train
CN(Cc1cnc2nc(N)nc(N)c2n1)c1ccc(cc1)C(=O)N[C@@H](CCC(O)=O)C(O)=O,PC3,14.374,0,train
OCCn1cc(cn1)-c1cnc2nnn(Cc3ccc4ncccc4c3)c2n1,HT29,7.9938,0,train
COc1cc2ncn(-c3cc(OCc4ccccc4C(F)(F)F)c(s3)C(N)=O)c2cc1OC,A375,8.8737,0,train
O=C(CCCCCCCn1cc(nn1)-c1cccnc1)Nc1ccccc1-c1ccccc1,MCF7,13.406,0,train
CC(C)C[C@H]([C@H](O)C(=O)NO)C(=O)N[C@H](C(=O)OC1CCCC1)c1ccccc1,MCF7,7.3614,0,train
CN1C2N(CCc3c2[nH]c2ccccc32)C(=O)c2ccccc12,MCF7,7.8549,0,train
C(Cc1c[nH]c2ccccc12)Nc1cccc(Nc2ccncc2)c1,HT29,10.8532,0,train
C[As](C)SC[C@H](NC(=O)CC[C@H](N)C(O)=O)C(=O)NCC(O)=O,MCF7,11.3194,0,train
CC[C@@H](C)[C@@H]1NC(=O)[C@H](Cc2cn(OC)c3ccccc23)NC(=O)[C@H](CCCCCC(=O)CC)NC(=O)[C@H]4CCCCN4C1=O,PC3,11.027,0,train
Oc1ccc(Cl)cc1Cn1nc(oc1=O)-c1ccc(cc1)C(F)(F)F,PC3,6.0166,0,train
CC(=CC=CC(=CC(=O)O)C)C=CC1=C(C)CCCC1(C)C,MCF7,12.642,0,train
FC(F)(F)Oc1ccc(NC(=O)c2sccc2NCc2ccnc3ccccc23)cc1,HT29,15.175,0,train
Fc1ccc(Cc2n[nH]c(=O)c3ccccc23)cc1C(=O)N1CCN(CC1)C(=O)C1CC1,HT29,10.81505,0,train
Nc1ncnc2n(nc(-c3ccc(Oc4ccccc4)cc3)c12)[C@@H]1CCCN(C1)C(=O)C=C,PC3,14.803,0,train
O=C1c2ccccc2-c2n[nH]c3cccc1c23,A375,14.0465,0,train
CC(=C)[C@@H]1CC[C@@]2(CC[C@]3(C)[C@H](CC[C@@H]4[C@@]5(C)CC[C@H](O)C(C)(C)[C@@H]5CC[C@@]34C)[C@@H]12)C(O)=O,PC3,15.449000000000002,0,train
Cc1cccc(n1)-c1nn2CCCc2c1-c1ccnc2ccc(cc12)C(N)=O,A375,14.696,0,train
CCN(CC)CCCC(C)Nc1nc(C)cc(Nc2ccc3nc(C)cc(N)c3c2)n1,A375,10.6364,0,train
O=C(CCCCCCCn1cc(nn1)-c1cccnc1)Nc1ccccc1-c1ccccc1,PC3,8.1857,0,train
ONC(=O)CCCCCCC(=O)N/N=C/c1ccc(cc1)N(c2ccccc2)c3ccccc3,MCF7,3.2828,1,train
CCCCc1ccc2[nH]c(NC(=O)OC)nc2c1,A375,8.6695,0,train
Cc1ccc(cc1)-n1nc(cc1NC(=O)Nc1ccc(OCCN2CCOCC2)c2ccccc12)C(C)(C)C,MCF7,15.0,0,train
Cc1cc2nc(NCCCO)n(CC(=O)c3cc(c(O)c(c3)C(C)(C)C)C(C)(C)C)c2cc1C,MCF7,10.27835,0,train
CC[C@@]1(O)C(=O)OCc2c1cc1-c3nc4ccc(O)c(CN(C)C)c4cc3Cn1c2=O,HT29,12.51,0,train
OC(=O)[C@@H]1CCCC[C@@H]1C(=O)N1CCc2ccccc2[C@H]1CN1C(=O)c2ccccc2C1=O,A375,16.879,0,train
CCCc1cc(ccn1)c2nc(cs2)c3ccc(C)cc3,A375,6.144,0,train
Oc1ccc(C[C@@H]2N3[C@H](CN(Cc4cccc5ccccc45)C2=O)N(CCC3=O)C(=O)NCc2ccccc2)cc1,A375,11.269633333333333,0,train
Cn1cc(cn1)-c1ccc2nnc(Sc3ccc4ncccc4c3)n2n1,A375,15.243,0,train
NC(CCC(O)=O)C(=O)N1CCC[C@H]1B(O)O,HT29,7.0996,0,train
COc1cc2nccc(Oc3ccc(NC(=O)Nc4ccc(F)cc4F)c(F)c3)c2cc1OC,A375,15.429,0,train
CS(=O)(=O)c1cccc(CNc2nc(Nc3ccc4NC(=O)CCc4c3)ncc2C(F)(F)F)c1,HT29,12.308,0,train
Cc1ccc(cc1)n2c(N)c(C#N)c(c(C#N)c2=O)c3ccccc3,MCF7,6.6852,0,train
CNCc1ccc(cc1)-c1[nH]c2cc(F)cc3C(=O)NCCc1c23,HT29,7.2369,0,train
CN(c1ccc2c(C)n(C)nc2c1)c1ccnc(Nc2ccc(C)c(c2)S(N)(=O)=O)n1,A375,14.3,0,train
COc1ccc(cc1CO)-c1ccc2c(nc(nc2n1)N1CCOC[C@@H]1C)N1CCOC[C@@H]1C,MCF7,6.6189,0,train
N#CC[C@H](C1CCCC1)n1cc(cn1)-c1ncnc2[nH]ccc12,PC3,14.821,0,train
COc1cc2c(ncnc2cc1OCCCN1CCCCC1)N1CCN(CC1)C(=O)Nc1ccc(OC(C)C)cc1,A375,16.102,0,train
CC1(C)CCC(C)(C)c2cc(ccc12)C(=O)Nc1ccc(cc1)C(O)=O,PC3,13.234000000000002,0,train
OC(=O)CCCc1ccc(cc1)N(CCCl)CCCl,MCF7,14.606,0,train
Cn1nnc2c(ncn2c1=O)C(N)=O,HT29,15.192,0,train
CCc1nnc2sc(nn12)c3ccc(N)cc3,A375,6.7738,0,train
O=C(Nc1cccc2cccnc12)c1ccc(cc1)N1C(=O)[C@H]2[C@@H]3C[C@@H](C=C3)[C@H]2C1=O,PC3,6.122000000000001,0,train
Nc1ncnc2n(nc(-c3ccc(Oc4ccccc4)cc3)c12)[C@@H]1CCCN(C1)C(=O)C=C,A375,14.595,0,train
Cn1cncc1[C@@](N)(c1ccc(Cl)cc1)c1ccc2n(C)c(=O)cc(-c3cccc(Cl)c3)c2c1,A375,10.426166666666667,0,train
COC(=O)C1=C(C)NC(C)=C(C1c1ccccc1[N+]([O-])=O)C(=O)OC,PC3,6.3343,0,train
COc1cc2ncn(-c3cc(OCc4ccccc4S(C)(=O)=O)c(s3)C#N)c2cc1OC,HT29,14.998,0,train
OC[C@H](Cc1ccccc1)Nc1nc(Oc2ccc3CCCc3c2)nc2n(Cc3ccc(cc3)-c3ccccc3)cnc12,MCF7,10.2216,0,train
CN1C2N(CCc3c2[nH]c2ccccc32)C(=O)c2ccccc12,PC3,9.12315,0,train
CSc1nc(nc(n1)c2ccc(C)cc2)C(Cl)Cl,A375,6.1545,0,train
Brc1ccc(OCc2ccccc2Br)c(/C=C3/SC(=S)NC3=O)c1,HT29,10.53785,0,train
C(Cc1c[nH]c2ccccc12)Nc1cccc(Nc2ccncc2)c1,MCF7,9.28595,0,train
COc1ccc(cc1Cl)N(C(C(=O)NCCc2ccccc2)c3cccs3)C(=O)CCl,PC3,3.76976,1,train
NC(=O)[C@H]1CCCc2c1[nH]c1ccc(Cl)cc21,A375,12.3065,0,train
Cc1cccc(n1)-c1[nH]c(nc1-c1ccc2nccnc2c1)C(C)(C)C,MCF7,11.611,0,train
OC(=O)c1ccc(NCc2nc3cc4ccccc4cc3[nH]2)cc1,PC3,14.254,0,train
Cc1nc(NC(=O)N2CCC[C@H]2C(N)=O)sc1-c1ccnc(c1)C(C)(C)C(F)(F)F,A375,12.724,0,train
CC(C)n1cnc2c(NCc3ccccc3)nc(NCCO)nc12,HT29,10.6424,0,train
COc1ccccc1-c1cccc(c1)-c1nc(cc2CN([C@@H](CCO)c12)[S@@](=O)C(C)(C)C)C(=O)NCc1ccncc1,A375,14.3185,0,train
Cn1c(=O)c([N+](=O)[O-])c(Cl)c2ccccc12,A375,4.3827,1,train
Cc1ccc(cc1)-n1nc(cc1NC(=O)Nc1ccc(OCCN2CCOCC2)c2ccccc12)C(C)(C)C,HT29,15.377,0,train
CN(C)c1cccc(c1)C(=O)Nc1ccc(C)c(NC(=O)c2ccc(O)cc2)c1,HT29,5.8684,0,train
CN1CCN(CC1)c2cc(Nc3cc(C)n[nH]3)nc(Sc4ccc(NC(=O)C5CC5)cc4)n2,A375,2.9157,1,train
CCN1CCN(CC1)C(c2cccnc2)c3cc(Cl)c4cccnc4c3O,HT29,6.8232,0,train
CCC(C)SSc1ncc[nH]1,MCF7,8.29875,0,train
COc1cc(ccc1Nc1ncc(Cl)c(Oc2cccc(NC(=O)C=C)c2)n1)N1CCN(C)CC1,A375,13.017,0,train
C[C@@]1(CCCN1)c1nc2c(cccc2[nH]1)C(N)=O,HT29,10.73945,0,train
CCCS(=O)(=O)Nc1ccc(F)c(C(=O)c2c[nH]c3ncc(Cl)cc23)c1F,HT29,15.581,0,train
Brc1cc2OCOc2cc1C3Nc4ccccc4C5C=CCC53,MCF7,6.0378,0,train
OC(=O)c1ccc(cc1)c2ccc3cc(c(O)cc3c2)C4(CC5CC6CC(C5)C4)C6,A375,12.0993,0,train
OC(CN1CCNCC1)Cn1c2ccc(Br)cc2c2cc(Br)ccc12,A375,10.695,0,train
COc1ccc(cc1)S(=O)(=O)N(C)C[C@@H]2Oc3c(NC(=O)Nc4cccc5ccccc45)cccc3C(=O)N(C[C@H]2C)[C@@H](C)CO,A375,16.522000000000002,0,train
OC(=O)c1nn(Cc2ccc(Cl)cc2Cl)c2ccccc12,A375,6.3121,0,train
C1CN(CCO1)c2nnc(c3ccccc3)c(n2)c4ccccc4,A375,11.982733333333336,0,train
CC(C)n1cnc2c(NCc3ccccc3)nc(NCCO)nc12,A375,9.3622,0,train
c1cc(ccn1)-c1sc(c(c1-c1ccncc1)-c1ccncc1)-c1ccncc1,HT29,6.8859,0,train
CC(=O)Nc1ccc(cc1)C(=O)Nc2cc(ccc2N)c3cccs3,MCF7,9.01245,0,train
O=C1N(C2CCC(=O)NC2=O)C(=O)c2ccccc12,PC3,14.627,0,train
CN1C(=S)NC(Cc2c[nH]c3ccccc23)C1=O,HT29,10.2161,0,train
Cn1cncc1[C@@](N)(c1ccc(Cl)cc1)c1ccc2n(C)c(=O)cc(-c3cccc(Cl)c3)c2c1,MCF7,8.369,0,train
CNNCc1ccc(cc1)C(=O)NC(C)C,MCF7,13.625,0,train
COc1ccccc1-c1cccc(c1)-c1nc(cc2CN([C@@H](CCO)c12)[S@@](=O)C(C)(C)C)C(=O)NCc1ccncc1,HT29,14.832,0,train
O=C(NCCN1CCC2(CC1)N(CNC2=O)c1ccccc1)c1ccc2ccccc2c1,A375,11.306266666666668,0,train
CCCCCCCCCC(=O)N[C@H](CN1CCOCC1)[C@H](O)c2ccccc2,PC3,13.713,0,train
FC(F)(F)Oc1ccc(NC(=O)c2sccc2NCc2ccnc3ccccc23)cc1,PC3,14.548,0,train
CCCc1cc(ccn1)c2nc(cs2)c3ccc(C)cc3,MCF7,6.2478,0,train
NC(=O)Nc1sc(cc1C(N)=O)-c1ccc(F)cc1,PC3,14.584,0,train
CC(C)c1ccccc1Cc1cc(C(=O)Nc2ccc(cc2)S(=O)(=O)c2ccccc2C(C)(C)C)c(O)c(O)c1O,A375,10.511566666666667,0,train
Cc1nc2c(cc(cc2n1Cc1cccc(c1C)C(F)(F)F)N1CCOCC1)C(O)=O,A375,14.605,0,train
CN1CCN(CCCN2c3ccccc3Sc3ccc(cc23)C(F)(F)F)CC1,MCF7,9.36605,0,train
OC(=O)CC[C@H]1CC[C@@](CC1)(c1cc(F)ccc1F)S(=O)(=O)c1ccc(Cl)cc1,HT29,13.744000000000002,0,train
COc1cc2c(NC3CCN(C)CC3)nc(nc2cc1OCCOCCN(C)C)N1CCCN(C)CC1,A375,12.2706,0,train
CN(C)CCCNc1c2ccccc2n(C)c2nc(=O)n(C)c(=O)c12,MCF7,9.4677,0,train
CN1C2N(CCc3c2[nH]c2ccccc32)C(=O)c2ccccc12,A375,9.833233333333334,0,train
OCCSC1=C(SCCO)C(=O)c2ccccc2C1=O,PC3,8.4859,0,train
CC(C)(C)Sc1c(CC(C)(C)C(O)=O)n(Cc2ccc(Cl)cc2)c2ccc(OCc3ccc4ccccc4n3)cc12,A375,5.4963,1,train
CS(=O)(=O)c1cccc(CNc2nc(Nc3ccc4NC(=O)CCc4c3)ncc2C(F)(F)F)c1,PC3,14.585,0,train
CCNC(=O)c1noc(c1-c1ccc(CN2CCOCC2)cc1)-c1cc(C(C)C)c(O)cc1O,HT29,6.8295,0,train
Cc1cccc(n1)-c1nn2CCCc2c1-c1ccnc2ccc(cc12)C(N)=O,HT29,14.204,0,train
C[C@]12CC[C@H]3[C@H]([C@@H]1CC[C@@H]2O)[C@H](CCCCCCCCCS(=O)CCCC(F)(F)C(F)(F)F)Cc1cc(O)ccc31,MCF7,9.6553,0,train
CN(c1ccc2c(C)n(C)nc2c1)c1ccnc(Nc2ccc(C)c(c2)S(N)(=O)=O)n1,HT29,13.975,0,train
Cc1cc(C(=O)CN2C(=O)CCC2=O)c(C)n1Cc3ccccc3,PC3,14.02,0,train
CC1(C)CCC(C)(C)c2cc(ccc12)C(=O)Nc1ccc(cc1)C(O)=O,HT29,11.1767,0,train
NC(CCC(O)=O)C(=O)N1CCC[C@H]1B(O)O,PC3,7.6018,0,train
Cn1c(CCCC(O)=O)nc2cc(ccc12)N(CCCl)CCCl,HT29,15.0,0,train
COc1ccc(OC)c(c1)c2nnc3SCC(=Nn23)c4ccc(OC)c(OC)c4,MCF7,8.924800000000003,0,train
COc1cc2nccc(Oc3ccc(NC(=O)NC4CC4)c(Cl)c3)c2cc1C(N)=O,MCF7,14.853,0,train
COc1ccc(cc1)S(=O)(=O)N(C(C)=O)c1ccccc1C=Cc1cc[n+]([O-])cc1,HT29,12.692,0,train
CCCCc1ccc2[nH]c(NC(=O)OC)nc2c1,MCF7,8.20835,0,train
CCN(CC)c1ccc(cc1)C2Nc3ccccc3NC4=C2C(=O)CC(C4)c5ccccc5,PC3,6.6609,0,train
CCN(CC)CCCC(C)Nc1nc(C)cc(Nc2ccc3nc(C)cc(N)c3c2)n1,HT29,10.2703,0,train
COc1ccc(Nc2nc(N)nc(CN3CCCCC3)n2)cc1,A375,6.4539,0,train
CN1CCc2c(C1)c1ccccc1n2Cc1ccc(cc1)C(=O)NO,PC3,5.4593,1,train
COc1ccc(Cl)cc1C(=O)NCCc2ccc(cc2)S(=O)(=O)NC(=O)NC3CCCCC3,A375,6.96,0,train
CN1CCN(CC1)c2cc(Nc3cc(C)n[nH]3)nc(Sc4ccc(NC(=O)C5CC5)cc4)n2,HT29,5.8682,0,train
CC(C)(C)Sc1c(CC(C)(C)C(O)=O)n(Cc2ccc(Cl)cc2)c2ccc(OCc3ccc4ccccc4n3)cc12,HT29,6.8035,0,train
COc1nc(N)nc2n(cnc12)[C@@H]1O[C@H](CO)[C@@H](O)[C@@H]1O,PC3,15.362,0,train
Cn1cncc1[C@](N)(c1ccc(Cl)cc1)c1ccc2n(C)c(=O)cc(-c3cccc(Cl)c3)c2c1,A375,11.9497,0,train
CN1CCc2c(C1)c1ccccc1n2Cc1ccc(cc1)C(=O)NO,HT29,10.5816,0,train
CC(C)CC#Cc1ccc2c(O[C@@H](CN(C)C(=O)c3cnccn3)[C@H](C)CN([C@H](C)CO)S2(=O)=O)c1,PC3,15.295,0,train
OC(=O)CCCc1ccc(cc1)N(CCCl)CCCl,PC3,14.751,0,train
CN(c1ccc2c(C)n(C)nc2c1)c1ccnc(Nc2ccc(C)c(c2)S(N)(=O)=O)n1,MCF7,13.281,0,train
Cc1cc(CS(=O)(=O)c2ccccc2)cc(OCc2ccc(CN3CCC[C@@H]3CO)cc2)c1,PC3,15.272,0,train
Cc1cc(CS(=O)(=O)c2ccccc2)cc(OCc2ccc(CN3CCC[C@@H]3CO)cc2)c1,MCF7,14.217,0,train
COc1ccccc1-c1cccc(c1)-c1nc(cc2CN([C@@H](CCO)c12)[S@@](=O)C(C)(C)C)C(=O)NCc1ccncc1,MCF7,13.451,0,train
Oc1cc(O)c2C[C@@H](OC(=O)c3cc(O)c(O)c(O)c3)[C@H](Oc2c1)c1cc(O)c(O)c(O)c1,MCF7,14.3,0,train
Cn1c(CCCC(O)=O)nc2cc(ccc12)N(CCCl)CCCl,PC3,14.48,0,train
Brc1cc2OCOc2cc1C3Nc4ccccc4C5C=CCC53,A375,11.3564,0,train
O=S1(=O)Nc2c(ccc3cccnc23)-c4ccccc41,MCF7,4.8266,1,train
C[C@H]1CN(C[C@@H](C)O1)c1ccc(NC(=O)c2cccc(-c3ccc(OC(F)(F)F)cc3)c2C)cn1,MCF7,14.137,0,train
C[C@@]1(O)C[C@@H](C1)c1nc(-c2ccc3ccc(nc3c2)-c2ccccc2)c2c(N)nccn12,HT29,6.2824,0,train
COc1ccc(cc1CO)-c1ccc2c(nc(nc2n1)N1C[C@H](C)O[C@H](C)C1)N1CCOCC1,HT29,14.019,0,train
CC(=O)Nc1ccc(cc1)C(=O)Nc1ccc(F)cc1N,HT29,16.31,0,train
CC(C)CNc1ccnc(NCc2csc(n2)-c2ccccc2)n1,PC3,12.947,0,train
OP(O)(=O)C(F)(F)c1cc2cc(ccc2cc1Br)C#N,MCF7,5.9964,0,train
CNNCc1ccc(cc1)C(=O)NC(C)C,HT29,13.686,0,train
Cc1ccc(cc1)n2c(N)c(C#N)c(c(C#N)c2=O)c3ccccc3,HT29,6.9501,0,train
c1cc(ccn1)-c1sc(c(c1-c1ccncc1)-c1ccncc1)-c1ccncc1,A375,6.5498,0,train
CN[C@@H]1C[C@H]2O[C@@](C)([C@@H]1OC)n3c4ccccc4c5c6CNC(=O)c6c7c8ccccc8n2c7c35,HT29,14.597,0,train
COc1ccc(cc1Cl)N(C(C(=O)NCCc2ccccc2)c3cccs3)C(=O)CCl,HT29,5.96765,0,train
COc1cc2c(ncnc2cc1OCCCN1CCCCC1)N1CCN(CC1)C(=O)Nc1ccc(OC(C)C)cc1,HT29,14.556,0,train
NC(=O)[C@H]1CCCc2c1[nH]c1ccc(Cl)cc21,PC3,14.972,0,train
CN1CCN(CC1)c2cc(Nc3cc(C)n[nH]3)nc(Sc4ccc(NC(=O)C5CC5)cc4)n2,PC3,5.1737,1,train
CCOc1ccccc1-n1c(=O)c2ccccc2nc1C(C)N1CCN(CC1)C(=O)COc1ccc(Cl)cc1,MCF7,9.33435,0,train
CN1C(=S)NC(Cc2c[nH]c3ccccc23)C1=O,PC3,14.424,0,train
COc1ccc(cc1)-n1c(SCc2nc(no2)-c2ccc(C)cc2)nnc1-c1ccncc1,PC3,14.878,0,train
N[C@@H](CC(=O)N1CCn2c(C1)nnc2C(F)(F)F)Cc1cc(F)c(F)cc1F,MCF7,13.489,0,train
OC(CN1CCNCC1)Cn1c2ccc(Br)cc2c2cc(Br)ccc12,MCF7,9.15185,0,train
Cn1nnc2c(ncn2c1=O)C(N)=O,A375,15.0,0,train
CN1CCN(CC1)c2cc(Nc3cc(C)n[nH]3)nc(Sc4ccc(NC(=O)C5CC5)cc4)n2,MCF7,4.3504,1,train
Cc1cc2c(cc1C(=C)c1ccc(cc1)C(O)=O)C(C)(C)CCC2(C)C,A375,14.7115,0,train
O[C@H]1C=C2[C@@H](NC(=O)c3c(O)c4OCOc4cc23)[C@H](O)[C@@H]1O,HT29,7.70185,0,train
Cc1cccc(n1)C#Cc1ccccc1,MCF7,6.7482,0,train
OC[C@H]1O[C@H]([C@H](O)[C@@H]1O)n2cnc3c(NCc4ccco4)ncnc23,MCF7,4.6003,1,train
CC(C)(C#N)c1ccc(cc1)N1C(=O)OCc2cnc3ccc(cc3c12)-c1cnc2ccccc2c1,A375,12.242,0,train
Cc1ccc2c(c1)-c1ccc3cccnc3c1NS2(=O)=O,MCF7,5.4242,1,train
COc1ccc(Cl)cc1C(=O)NCCc2ccc(cc2)S(=O)(=O)NC(=O)NC3CCCCC3,MCF7,6.7177,0,train
C(Nc1nc(NCc2ccccc2)c2ccccc2n1)c1ccccc1,PC3,12.741,0,train
COc1cc2ncn(-c3cc(OCc4ccccc4C(F)(F)F)c(s3)C(N)=O)c2cc1OC,MCF7,4.3859,1,train
CC(C)N1C(=O)S/C(=C/c2ccc(Sc3nc4ccccc4[nH]3)o2)/C1=O,MCF7,15.0,0,train
[O-][N+](=O)c1cccc2cn[nH]c12,MCF7,6.9658,0,train
N[C@@H](CC(=O)N1CCn2c(C1)nnc2C(F)(F)F)Cc1cc(F)c(F)cc1F,HT29,14.564,0,train
C[C@@H]1O[C@@H](O[C@H]2C[C@@H](O)[C@]3(CO)[C@H]4[C@H](O)C[C@]5(C)[C@H](CC[C@]5(O)[C@@H]4CC[C@]3(O)C2)C6=CC(=O)OC6)[C@H](O)[C@H](O)[C@H]1O,PC3,6.6077,0,train
CN(C)c1nc(N)nc(CSc2nnnn2c3cccc4ccccc34)n1,MCF7,6.4812,0,train
CC[C@@H](C)[C@@H]1NC(=O)[C@H](Cc2cn(OC)c3ccccc23)NC(=O)[C@H](CCCCCC(=O)CC)NC(=O)[C@H]4CCCCN4C1=O,MCF7,10.470999999999998,0,train
CC(C)c1ccccc1Cc1cc(C(=O)Nc2ccc(cc2)S(=O)(=O)c2ccccc2C(C)(C)C)c(O)c(O)c1O,MCF7,3.4701,1,train
CC(C)n1cnc2c(NCCc3ccc(O)cc3)nc(nc12)-c1csc2ccccc12,A375,13.4775,0,train
COc1ccc(cc1)S(=O)(=O)N(C(C)=O)c1ccccc1C=Cc1cc[n+]([O-])cc1,MCF7,10.986,0,train
C(Nc1nc(NCc2ccccc2)c2ccccc2n1)c1ccccc1,MCF7,13.107,0,train
COc1ccc(cc1)C(=O)CC1(O)C(=O)Nc2c1c(Cl)ccc2Cl,PC3,14.257,0,train
CSc1nc(nc(n1)c2ccc(C)cc2)C(Cl)Cl,HT29,7.3225,0,train
CC[C@@H](C)[C@@H]1NC(=O)[C@H](Cc2cn(OC)c3ccccc23)NC(=O)[C@H](CCCCCC(=O)CC)NC(=O)[C@H]4CCCCN4C1=O,HT29,11.973,0,train
Cc1nc2c(O)cccc2c(=O)[nH]1,HT29,6.0124,0,train
Oc1ccc(CCC(=O)c2c(O)cc(O)cc2O)cc1,MCF7,10.07805,0,train
COc1cc2c(NC3CCN(C)CC3)nc(nc2cc1OCCOCCN(C)C)N1CCCN(C)CC1,PC3,14.455,0,train
COc1ccc(cc1)S(=O)(=O)N(C)C[C@@H]2Oc3c(NC(=O)Nc4cccc5ccccc45)cccc3C(=O)N(C[C@H]2C)[C@@H](C)CO,MCF7,18.532,0,train
Nc1ccn([C@@H]2O[C@H](CO)[C@@H](O)[C@@H]2O)c(=O)n1,HT29,16.909000000000002,0,train
CC(C)N1CCC(CC1)NC2=NC(=NC3=CC(=C(C=C32)OC)OCCCN4CCCC4)C5CCCCC5,HT29,9.73255,0,train
CN1CCN(Cc2ccc(cc2)C(=O)Nc2ccc(C)c(Nc3nc(cs3)-c3cccnc3)c2)CC1,PC3,14.502,0,train
Cn1cncc1[C@](N)(c1ccc(Cl)cc1)c1ccc2n(C)c(=O)cc(-c3cccc(Cl)c3)c2c1,HT29,10.12925,0,train
OC(=O)[C@@H]1CCCC[C@@H]1C(=O)N1CCc2ccccc2[C@H]1CN1C(=O)c2ccccc2C1=O,PC3,15.178,0,train
CCCc1nn(C)c2c1nc([nH]c2=O)-c1cc(ccc1OCC)S(=O)(=O)N1CCN(C)CC1,MCF7,14.052,0,train
CC1(C)Oc2ccc3C4=C[C@@]56NC(=O)[C@]7(CCCN7C5=O)C[C@H]6C(C)(C)C4=[N+]([O-])c3c2C=C1,MCF7,5.9623,0,train
OC(=O)c1nn(Cc2ccc(Cl)cc2Cl)c2ccccc12,HT29,6.5781,0,train
CC(Nc1nc(nc2ccccc12)N3CCCC3)c4ccccc4,MCF7,14.38,0,train
NC(=O)Nc1sc(cc1C(N)=O)-c1ccc(F)cc1,HT29,14.6,0,train
Cc1ccc(C=C2CNCC(=Cc3ccc(C)cc3)C2=O)cc1,PC3,13.401,0,train
CNC(=O)c1cc(Oc2ccc(NC(=O)Nc3ccc(Cl)c(c3)C(F)(F)F)cc2)ccn1,HT29,13.348,0,train
CC(C)(C)OC(=O)Nc1ccc(cc1)-c1cc(no1)C(=O)NCCCCCCC(=O)NO,PC3,13.841,0,train
CC(N(O)C(N)=O)c1cc2ccccc2s1,HT29,6.3983,0,train
COc1ccc(OC)c(c1)c2nnc3SCC(=Nn23)c4ccc(OC)c(OC)c4,A375,8.8225,0,train
CN(C)C(=O)n1nnnc1Cc1ccc(cc1)-c1ccccc1,MCF7,8.64925,0,train
CC(=C)[C@@H]1CC[C@@]2(CC[C@]3(C)[C@H](CC[C@@H]4[C@@]5(C)CC[C@H](O)C(C)(C)[C@@H]5CC[C@@]34C)[C@@H]12)C(O)=O,HT29,15.433,0,train
C[C@@H](N(c1cc(F)ccc1F)S(=O)(=O)c1ccc(Cl)cc1)c1ccc(F)cc1CCCC(O)=O,A375,5.9894,0,train
CCOc1ccc(cc1OCC)c2nc(no2)c3ccncc3,MCF7,6.2362,0,train
CCCCc1nc(Cl)c(CO)n1Cc1ccc(cc1)-c1ccccc1-c1nnn[nH]1,A375,7.0159,0,train
Cc1cccc(n1)-c1[nH]c(nc1-c1ccc2nccnc2c1)C(C)(C)C,A375,14.2475,0,train
CC(Nc1nc(nc2ccccc12)N3CCCC3)c4ccccc4,HT29,9.0336,0,train
Cc1ccc(cc1)n2c(N)c(C#N)c(c(C#N)c2=O)c3ccccc3,A375,6.7159,0,train
Cc1cc2c(cc1C(=C)c1ccc(cc1)C(O)=O)C(C)(C)CCC2(C)C,HT29,13.661,0,train
CC(C)C[C@H](NC(=O)[C@H](CC(C)C)NC(=O)[C@H](CC(C)C)NC(=O)OCc1ccccc1)C=O,PC3,12.385,0,train
OC[C@H](Cc1ccccc1)Nc1nc(Oc2ccc3CCCc3c2)nc2n(Cc3ccc(cc3)-c3ccccc3)cnc12,HT29,10.40265,0,train
CC(C)C[C@H]([C@H](O)C(=O)NO)C(=O)N[C@H](C(=O)OC1CCCC1)c1ccccc1,HT29,10.27995,0,train
CCCS(=O)(=O)Nc1ccc(F)c(C(=O)c2c[nH]c3ncc(Cl)cc23)c1F,A375,12.9465,0,train
CC(C)(C)OC(=O)Nc1ccc(cc1)-c1cc(no1)C(=O)NCCCCCCC(=O)NO,A375,8.878466666666666,0,train
NC(=O)[C@H]1CCCc2c1[nH]c1ccc(Cl)cc21,MCF7,12.1397,0,train
CC(C)N1CCC(CC1)NC2=NC(=NC3=CC(=C(C=C32)OC)OCCCN4CCCC4)C5CCCCC5,MCF7,8.91875,0,train
COc1cc2nccc(Oc3ccc(NC(=O)Nc4ccc(F)cc4F)c(F)c3)c2cc1OC,MCF7,15.894,0,train
CS(=O)(=O)CCNCc1ccc(o1)-c1ccc2ncnc(Nc3ccc(OCc4cccc(F)c4)c(Cl)c3)c2c1,A375,13.4915,0,train
Cc1ccc(cc1)C(=O)Cn1c2CCCCc2sc1=N,PC3,14.135,0,train
CCN(CCO)CCCOc1ccc2c(Nc3cc(CC(=O)Nc4cccc(F)c4)[nH]n3)ncnc2c1,PC3,16.098,0,train
Cc1cc(CS(=O)(=O)c2ccccc2)cc(OCc2ccc(CN3CCC[C@@H]3CO)cc2)c1,HT29,14.209,0,train
C[C@@H](N(c1cc(F)ccc1F)S(=O)(=O)c1ccc(Cl)cc1)c1ccc(F)cc1CCCC(O)=O,MCF7,6.2959,0,train
N#CC[C@H](C1CCCC1)n1cc(cn1)-c1ncnc2[nH]ccc12,HT29,14.897,0,train
CS(=O)(=O)CCNCc1ccc(o1)-c1ccc2ncnc(Nc3ccc(OCc4cccc(F)c4)c(Cl)c3)c2c1,HT29,13.859000000000002,0,train
O=C(CCCCCCCn1cc(nn1)-c1cccnc1)Nc1ccccc1-c1ccccc1,A375,6.423110000000001,0,train
CCCCCCN(CCCCCC)C(=O)Cc1c([nH]c2ccccc12)-c1ccc(F)cc1,A375,11.605250000000002,0,train
NC(CCC(O)=O)C(=O)N1CCC[C@H]1B(O)O,MCF7,7.0528,0,train
NS(=O)(=O)C#Cc1ccccc1,MCF7,10.1561,0,train
Nc1ncn([C@H]2C[C@H](O)[C@@H](CO)O2)c(=O)n1,MCF7,14.691,0,train
COc1ccc(cc1)S(=O)(=O)N(C)C[C@@H]2Oc3c(NC(=O)Nc4cccc5ccccc45)cccc3C(=O)N(C[C@H]2C)[C@@H](C)CO,PC3,14.856,0,train
OC(=O)c1ccc(cc1)c2ccc3cc(c(O)cc3c2)C4(CC5CC6CC(C5)C4)C6,HT29,10.4555,0,train
CC(Nc1ccccc1)c1cc(C)cn2c1nc(cc2=O)N1CCOCC1,A375,14.884,0,train
CN1CCc2c(C1)c1ccccc1n2Cc1ccc(cc1)C(=O)NO,A375,11.705866666666667,0,train
COc1ccc2C3=NCCN3C(=Nc2c1OC)NC(=O)c4cccnc4,PC3,4.8542,1,train
CCCc1cc(ccn1)c2nc(cs2)c3ccc(C)cc3,HT29,7.6613,0,train
Fc1c[nH]c(=O)[nH]c1=O,A375,14.1875,0,train
CC1(C)Oc2ccc3C4=C[C@@]56NC(=O)[C@]7(CCCN7C5=O)C[C@H]6C(C)(C)C4=[N+]([O-])c3c2C=C1,A375,9.9377,0,train
COc1ccc(cc1CO)-c1ccc2c(nc(nc2n1)N1CCOC[C@@H]1C)N1CCOC[C@@H]1C,HT29,11.773,0,train
Cc1nc(SCc2nc3ccccc3[nH]2)c4oc5ccccc5c4n1,HT29,6.9947,0,train
Cc1ccc2c(c1)-c1ccc3cccnc3c1NS2(=O)=O,PC3,5.0934,1,train
Oc1cccc2cc(C(=O)Nc3cccc(c3)-c3cn4ccccc4n3)c(=O)oc12,A375,11.545066666666665,0,train
COc1ccc(Cl)cc1C(=O)NCCc2ccc(cc2)S(=O)(=O)NC(=O)NC3CCCCC3,HT29,6.5975,0,train
CC(Nc1ccccc1)c1cc(C)cn2c1nc(cc2=O)N1CCOCC1,MCF7,12.859000000000002,0,train
Oc1ccc(Cl)cc1Cn1nc(oc1=O)-c1ccc(cc1)C(F)(F)F,MCF7,6.0896,0,train
CCN1CCN(CC1)C(c2cccnc2)c3cc(Cl)c4cccnc4c3O,A375,6.242999999999999,0,train
CN1CCN(CCCN2c3ccccc3Sc3ccc(cc23)C(F)(F)F)CC1,HT29,9.96395,0,train
Oc1cc(O)c2C[C@@H](OC(=O)c3cc(O)c(O)c(O)c3)[C@H](Oc2c1)c1cc(O)c(O)c(O)c1,HT29,14.528,0,train
OCCNC(=O)c1cc(n[nH]1)-c1ccc(Cl)c(Cl)c1Cl,PC3,6.9143,0,train
CCCc1nn(C)c2c1nc([nH]c2=O)-c1cc(ccc1OCC)S(=O)(=O)N1CCN(C)CC1,A375,14.909,0,train
CC(=CC=CC(=CC(=O)O)C)C=CC1=C(C)CCCC1(C)C,A375,14.1865,0,train
COc1cc(Nc2ncc3CN=C(c4cc(Cl)ccc4-c3n2)c2c(F)cccc2OC)ccc1C(O)=O,MCF7,14.882,0,train
Oc1cc(ccc1NC(=O)Nc1ccccc1Br)[N+]([O-])=O,PC3,8.630700000000001,0,train
COCCOC(=O)N1C(=O)[C@]2([C@@H]([C@@H]3N([C@@H]2c4ccccc4OCCO)[C@H]([C@H](OC3=O)c5ccccc5)c6ccccc6)C(=O)NCC=C)c7cc(C#CCC(C(=O)OC)C(=O)OC)ccc17,PC3,12.368,0,train
NC(=N)NCCNS(=O)(=O)c1cccc2cnccc12,PC3,6.6573,0,train
CCC(C)N(C)C(=O)c1cc2ccccc2c(n1)-c1ccccc1Cl,MCF7,4.1468,1,train
O=C(Nc1cccc2cccnc12)c1ccc(cc1)N1C(=O)[C@H]2[C@@H]3C[C@@H](C=C3)[C@H]2C1=O,MCF7,6.7633,0,train
COc1ccc2[nH]c3C(=NCCc3c2c1)C,PC3,6.9374,0,train
COc1ccc(cc1CO)-c1ccc2c(nc(nc2n1)N1CCOC[C@@H]1C)N1CCOC[C@@H]1C,A375,10.11295,0,train
Cn1cncc1[C@@](N)(c1ccc(Cl)cc1)c1ccc2n(C)c(=O)cc(-c3cccc(Cl)c3)c2c1,PC3,5.207999999999998,1,train
NS(=O)(=O)C#Cc1ccccc1,HT29,11.64995,0,train
CC(=O)NC[C@@H]1C[C@H](CN1)NS(=O)(=O)c1cccc2cncc(C)c12,PC3,14.66,0,train
OCc1ccc(s1)-c1ccc(o1)-c1ccc(CO)s1,A375,12.733666666666664,0,train
CC[C@@H](C)[C@@H]1NC(=O)[C@H](Cc2cn(OC)c3ccccc23)NC(=O)[C@H](CCCCCC(=O)CC)NC(=O)[C@H]4CCCCN4C1=O,A375,10.758,0,train
CNC(=O)c1cc(Oc2ccc(NC(=O)Nc3ccc(Cl)c(c3)C(F)(F)F)cc2)ccn1,A375,15.3245,0,train
Cc1cc2nc(NCCCO)n(CC(=O)c3cc(c(O)c(c3)C(C)(C)C)C(C)(C)C)c2cc1C,PC3,10.12785,0,train
COc1cc(cc(OC)c1O)[C@H]1[C@@H]2[C@H](COC2=O)[C@H](O[C@@H]2O[C@@H]3CO[C@@H](C)O[C@H]3[C@H](O)[C@H]2O)c2cc3OCOc3cc12,HT29,16.04,0,train
CN1c2cc3c(cc2N=C(c2ccc(cc2)C(O)=O)c2ccccc12)C(C)(C)CCC3(C)C,MCF7,11.20355,0,train
OC(=O)c1ccc(cc1)c2ccc(/C=C3/SC(=NC3=O)Nc4cccc(c4)C(=O)O)o2,HT29,7.147,0,train
CC(=O)Nc1ccc(cc1)C(=O)Nc2cc(ccc2N)c3cccs3,PC3,8.6817,0,train
CCCCCCCCCC(=O)N[C@H](CN1CCOCC1)[C@H](O)c2ccccc2,A375,10.5462,0,train
CC[C@@]1(O)C(=O)OCc2c1cc1-c3nc4ccc(O)c(CN(C)C)c4cc3Cn1c2=O,A375,8.91915,0,train
Cn1c(CCCC(O)=O)nc2cc(ccc12)N(CCCl)CCCl,MCF7,16.065,0,train
Oc1ccc(Cl)cc1Cn1nc(oc1=O)-c1ccc(cc1)C(F)(F)F,A375,6.489,0,train
CC(N(O)C(N)=O)c1cc2ccccc2s1,A375,6.6267,0,train
COc1ccc(cc1)-n1c(SCc2nc(no2)-c2ccc(C)cc2)nnc1-c1ccncc1,A375,13.938,0,train
NC(=O)N1c2ccccc2C=Cc2ccccc12,HT29,7.151,0,train
CC[C@@]1(O)C(=O)OCc2c1cc1-c3nc4ccc(O)c(CN(C)C)c4cc3Cn1c2=O,MCF7,12.336,0,train
CN(C)C(=O)n1nnnc1Cc1ccc(cc1)-c1ccccc1,A375,9.762133333333333,0,train
COc1nc(N)nc2n(cnc12)[C@@H]1O[C@H](CO)[C@@H](O)[C@@H]1O,HT29,14.755999999999998,0,train
OC(=O)c1ccc(NCc2nc3cc4ccccc4cc3[nH]2)cc1,A375,13.57,0,train
Cn1cc(cn1)-c1ccc2nnc(Sc3ccc4ncccc4c3)n2n1,PC3,15.012,0,train
CC[C@]1(O)C[C@@H]2CN(C1)CCc3c([nH]c4ccccc34)[C@@](C2)(C(=O)OC)c5cc6c(cc5OC)N(C=O)[C@@H]7[C@@]86CCN9CC=C[C@](CC)([C@H]98)[C@@H](OC(=O)C)[C@]7(O)C(=O)OC,PC3,10.311,0,train
CC(C)CNc1ccnc(NCc2csc(n2)-c2ccccc2)n1,A375,12.7535,0,train
Cc1cc2nc(NCCCO)n(CC(=O)c3cc(c(O)c(c3)C(C)(C)C)C(C)(C)C)c2cc1C,A375,12.774066666666664,0,train
CN(Cc1cnc2nc(N)nc(N)c2n1)c1ccc(cc1)C(=O)N[C@@H](CCC(O)=O)C(O)=O,MCF7,12.871,0,train
O=C1c2ccccc2-c2n[nH]c3cccc1c23,MCF7,14.162,0,train
CCc1ccccc1NC(=O)CSC(=O)NNC(=O)[C@@H](Cc2c[nH]c3ccccc23)NC(=O)OC(C)(C)C,PC3,11.735,0,train
CN(C)c1ccccc1CN1CCCN(Cc2ccccc2N(C)C)C1c1ccncc1,MCF7,14.26,0,train
CN1CCN(CCCN2c3ccccc3Sc3ccc(cc23)C(F)(F)F)CC1,A375,11.381933333333334,0,train
CC(=O)Oc1ccccc1C(O)=O,PC3,7.4925,0,train
CNC(=O)c1cc(Oc2ccc(NC(=O)Nc3ccc(Cl)c(c3)C(F)(F)F)cc2)ccn1,PC3,12.535,0,train
COC(=O)C(CC#Cc1ccc2NC(=O)[C@@]3([C@H]([C@H]4N([C@H]3c5ccccc5OCCO)[C@@H]([C@@H](OC4=O)c6ccccc6)c7ccccc7)C(=O)N8CCN(CC8)c9ncccn9)c2c1)C(=O)OC,PC3,12.835,0,train
CN(C)C(=O)n1nnnc1Cc1ccc(cc1)-c1ccccc1,HT29,9.7315,0,train
Cc1nc(NC(=O)N2CCC[C@H]2C(N)=O)sc1-c1ccnc(c1)C(C)(C)C(F)(F)F,PC3,13.562,0,train
O=C(Nc1cccc2cccnc12)c1ccc(cc1)N1C(=O)[C@H]2[C@@H]3C[C@@H](C=C3)[C@H]2C1=O,HT29,5.3411,1,train
Fc1ccc(Cc2n[nH]c(=O)c3ccccc23)cc1C(=O)N1CCN(CC1)C(=O)C1CC1,A375,11.381433333333336,0,train
CCN1CCN(CC(=O)Nc2ccc(-c3cccc4c3oc(cc4=O)N3CCOCC3)c3sc4ccccc4c23)CC1,MCF7,10.23,0,train
CC(C)C[C@H]([C@H](O)C(=O)NO)C(=O)N[C@H](C(=O)OC1CCCC1)c1ccccc1,A375,7.891066666666667,0,train
O=C(Nc1ccccc1)N2CCC(Cc3cnc4ccccc4c3)CC2,A375,12.188666666666665,0,train
COCCOC(=O)C1=C(C)NC(C)=C(C1c1cccc(c1)[N+]([O-])=O)C(=O)OC(C)C,MCF7,7.0617,0,train
COc1ccc2n(C(=O)c3cccc(Cl)c3Cl)c(C)c(CCN3CCOCC3)c2c1,MCF7,8.6354,0,train
OC[C@H]1O[C@H]([C@H](O)[C@@H]1O)n2cnc3c(NCc4ccco4)ncnc23,PC3,3.9163,1,train
NS(=O)(=O)C#Cc1ccccc1,PC3,10.10795,0,train
COc1ccc(cc1)C(=O)Oc1ccc(CCn2c(NC(=O)c3ccc(cc3)C(F)(F)F)nc3cc(ccc23)C(O)=O)cc1,PC3,6.559,0,train
Cn1cc(cn1)-c1ccc2nnc(Sc3ccc4ncccc4c3)n2n1,MCF7,15.283,0,train
COc1ccc(cc1)S(=O)(=O)N(C(C)=O)c1ccccc1C=Cc1cc[n+]([O-])cc1,A375,11.928,0,train
COc1ccc(cc1)C(=O)CC1(O)C(=O)Nc2c1c(Cl)ccc2Cl,A375,9.709333333333333,0,train
COc1cc(Nc2ncc3CN=C(c4cc(Cl)ccc4-c3n2)c2c(F)cccc2OC)ccc1C(O)=O,PC3,14.091,0,train
CN1CCN(Cc2ccc(cc2)C(=O)Nc2ccc(C)c(Nc3nc(cs3)-c3cccnc3)c2)CC1,A375,13.777999999999999,0,train
C1CCC(CC1)n1cnc2c(Nc3ccc(cc3)N3CCOCC3)nc(Oc3cccc4ccccc34)nc12,MCF7,10.52965,0,train
CCOc1ccccc1-n1c(=O)c2ccccc2nc1C(C)N1CCN(CC1)C(=O)COc1ccc(Cl)cc1,PC3,14.894,0,train
CCCS(=O)(=O)Nc1ccc(F)c(C(=O)c2c[nH]c3ncc(Cl)cc23)c1F,MCF7,17.48,0,train
OC[C@H]1O[C@H]([C@H](O)[C@@H]1O)n2cnc3c(NCc4ccco4)ncnc23,A375,3.2896,1,train
CC(C)N1CCC(CC1)NC2=NC(=NC3=CC(=C(C=C32)OC)OCCCN4CCCC4)C5CCCCC5,A375,11.1931,0,train
Brc1ccc(OCc2ccccc2Br)c(/C=C3/SC(=S)NC3=O)c1,PC3,14.815,0,train
CN1C2N(CCc3c2[nH]c2ccccc32)C(=O)c2ccccc12,HT29,9.7621,0,train
CCCc1nn(C)c2c1[nH]c(nc2=O)-c1cc(ccc1OCC)S(=O)(=O)N1CCN(C)CC1,MCF7,5.4984,1,train
C(Nc1nc(NCc2ccccc2)c2ccccc2n1)c1ccccc1,A375,13.288,0,train
CCOc1ccc(cc1OCC)c2nc(no2)c3ccncc3,HT29,6.068,0,train
Cc1ccc2c(c1)-c1ccc3cccnc3c1NS2(=O)=O,A375,3.9961,1,train
CN(C)CCCNc1c2ccccc2n(C)c2nc(=O)n(C)c(=O)c12,PC3,9.62315,0,train
CN1CCN(CCCN2c3ccccc3Sc3ccc(Cl)cc23)CC1,A375,13.553,0,train
CC(N(O)C(N)=O)c1cc2ccccc2s1,MCF7,6.4332,0,train
CC(Nc1nc(nc2ccccc12)N3CCCC3)c4ccccc4,PC3,12.526,0,train
COC(=O)C1=C(C)NC(C)=C(C1c1ccccc1[N+]([O-])=O)C(=O)OC,HT29,7.4629,0,train
C[C@@]1(CCCN1)c1nc2c(cccc2[nH]1)C(N)=O,PC3,15.005,0,train
COc1cc2ncnc(Nc3ccc(F)c(Cl)c3)c2cc1OCCCN1CCOCC1,MCF7,14.015,0,train
Cc1cccc(n1)-c1[nH]c(nc1-c1ccc2nccnc2c1)C(C)(C)C,HT29,14.488,0,train
N#CC[C@H](C1CCCC1)n1cc(cn1)-c1ncnc2[nH]ccc12,A375,14.8925,0,train
Cn1nnc2c(ncn2c1=O)C(N)=O,MCF7,16.183,0,train
CN1c2cc3c(cc2N=C(c2ccc(cc2)C(O)=O)c2ccccc12)C(C)(C)CCC3(C)C,PC3,13.06,0,train
CN(CCOc1ccc(CC2SC(=O)NC2=O)cc1)c1ccccn1,HT29,6.9333,0,train
CCN(CC)CCCC(C)Nc1nc(C)cc(Nc2ccc3nc(C)cc(N)c3c2)n1,PC3,14.665,0,train
CCC(C)n1ncn(c2ccc(cc2)N3CCN(CC3)c4ccc(OCC5COC(Cn6cncn6)(O5)c7ccc(Cl)cc7Cl)cc4)c1=O,PC3,10.289,0,train
Cc1ccc(cc1)-n1nc(cc1NC(=O)Nc1ccc(OCCN2CCOCC2)c2ccccc12)C(C)(C)C,A375,14.7065,0,train
COc1ccc(cc1CO)-c1ccc2c(nc(nc2n1)N1CCOC[C@@H]1C)N1CCOC[C@@H]1C,PC3,7.301,0,train
CC(C)N1C(=O)S/C(=C/c2ccc(Sc3nc4ccccc4[nH]3)o2)/C1=O,HT29,10.312,0,train
C[C@@H](CO)N1C[C@@H](C)[C@@H](CN(C)Cc2ccc(cc2)C(=O)Nc3ccccc3N)Oc4c(NC(=O)Nc5ccccc5)cccc4C1=O,A375,12.754,0,train
OP(O)(=O)C(F)(F)c1cc2cc(ccc2cc1Br)C#N,PC3,6.8408,0,train
CN(C)c1nc(N)nc(CSc2nnnn2c3cccc4ccccc34)n1,HT29,5.7499,0,train
C[As](C)SC[C@H](NC(=O)CC[C@H](N)C(O)=O)C(=O)NCC(O)=O,HT29,12.2542,0,train
C[C@@H]1O[C@@H](O[C@H]2C[C@@H](O)[C@]3(CO)[C@H]4[C@H](O)C[C@]5(C)[C@H](CC[C@]5(O)[C@@H]4CC[C@]3(O)C2)C6=CC(=O)OC6)[C@H](O)[C@H](O)[C@H]1O,MCF7,6.5332,0,train
CN(C)CC[C@H](CSc1ccccc1)Nc1ccc(cc1[N+]([O-])=O)S(=O)(=O)NC(=O)c1ccc(cc1)N1CCN(Cc2ccccc2-c2ccc(Cl)cc2)CC1,HT29,10.8949,0,train
Clc1cc(ccc1C(=O)Nc1ccc(Cl)c(c1)-c1ccccn1)S(C)(=O)=O,MCF7,6.3384,0,train
CC(C)C[C@H]([C@H](O)C(=O)NO)C(=O)N[C@H](C(=O)OC1CCCC1)c1ccccc1,PC3,13.130999999999998,0,train
CCCCCCCCCC(=O)N[C@H](CN1CCOCC1)[C@H](O)c2ccccc2,MCF7,8.90835,0,train
C1CN(CCO1)c2nnc(c3ccccc3)c(n2)c4ccccc4,PC3,13.281,0,train
CCN(CCO)CCCOc1ccc2c(Nc3cc(CC(=O)Nc4cccc(F)c4)[nH]n3)ncnc2c1,MCF7,11.932,0,train
COc1cc2ncnc(Nc3ccc(F)c(Cl)c3)c2cc1OCCCN1CCOCC1,A375,15.8305,0,train
CC(=CC=CC(=CC(=O)O)C)C=CC1=C(C)CCCC1(C)C,PC3,15.199000000000002,0,train
CCCCc1ccc2[nH]c(NC(=O)OC)nc2c1,PC3,12.441,0,train
Oc1ccc(Cl)cc1Cn1nc(oc1=O)-c1ccc(cc1)C(F)(F)F,HT29,6.9513,0,train
CCC(=O)Nc1cccc(NC(=O)c2ccccc2Br)c1,PC3,6.7672,0,train
CCCCc1nc(Cl)c(CO)n1Cc1ccc(cc1)-c1ccccc1-c1nnn[nH]1,MCF7,6.6744,0,train
Cc1cccc(n1)-c1[nH]c(nc1-c1ccc2nccnc2c1)C(C)(C)C,PC3,12.872,0,train
Oc1cc(O)c2C[C@@H](OC(=O)c3cc(O)c(O)c(O)c3)[C@H](Oc2c1)c1cc(O)c(O)c(O)c1,PC3,14.87,0,train
COC1=CC=C(C=C1)C2(CCOCC2)CNC(=O)C3=CC=C(C=C3)NC(=O)C4=CC=CO4,A375,13.39,0,train
OCc1ccc(s1)-c1ccc(o1)-c1ccc(CO)s1,HT29,11.4064,0,train
CCOc1ccc(cc1OCC)c2nc(no2)c3ccncc3,A375,6.6361,0,train
COc1cc(Nc2ncc3CN=C(c4cc(Cl)ccc4-c3n2)c2c(F)cccc2OC)ccc1C(O)=O,HT29,16.043,0,train
COc1cc(cc(OC)c1O)[C@H]1[C@@H]2[C@H](COC2=O)[C@H](O[C@@H]2O[C@@H]3CO[C@@H](C)O[C@H]3[C@H](O)[C@H]2O)c2cc3OCOc3cc12,A375,12.9795,0,train
CC(C)n1cnc2c(NCc3ccccc3)nc(NCCO)nc12,MCF7,8.3326,0,train
OCc1ccc(s1)-c1ccc(o1)-c1ccc(CO)s1,MCF7,9.61385,0,train
C[C@H]1CN(C[C@@H](C)O1)c1ccc(NC(=O)c2cccc(-c3ccc(OC(F)(F)F)cc3)c2C)cn1,HT29,9.70715,0,train
CC1(C)CCC(C)(C)c2cc(ccc12)C(=O)Nc1ccc(cc1)C(O)=O,MCF7,8.8626,0,train
Cn1cncc1[C@@](N)(c1ccc(Cl)cc1)c1ccc2n(C)c(=O)cc(-c3cccc(Cl)c3)c2c1,HT29,11.06165,0,train
OP(O)(=O)C(F)(F)c1cc2cc(ccc2cc1Br)C#N,A375,6.4296,0,train
CCN1CCN(CC(=O)Nc2ccc(-c3cccc4c3oc(cc4=O)N3CCOCC3)c3sc4ccccc4c23)CC1,HT29,7.82645,0,train
CN1CCc2c(C1)c1ccccc1n2Cc1ccc(cc1)C(=O)NO,MCF7,9.68695,0,train
CN(C)CCCNc1c2ccccc2n(C)c2nc(=O)n(C)c(=O)c12,HT29,10.3151,0,train
COc1cc2nccc(Oc3ccc(NC(=O)NC4CC4)c(Cl)c3)c2cc1C(N)=O,HT29,14.97,0,train
Oc1cc(ccc1NC(=O)Nc1ccccc1Br)[N+]([O-])=O,MCF7,9.1188,0,train
CC(C)CNc1ccnc(NCc2csc(n2)-c2ccccc2)n1,HT29,13.943,0,train
CCCc1cc(ccn1)c2nc(cs2)c3ccc(C)cc3,PC3,5.9086,0,train
CCOc1ccccc1-n1c(=O)c2ccccc2nc1C(C)N1CCN(CC1)C(=O)COc1ccc(Cl)cc1,HT29,10.06465,0,train
CN(C)CCCNc1c2ccccc2n(C)c2nc(=O)n(C)c(=O)c12,A375,10.902933333333335,0,train
Fc1c[nH]c(=O)[nH]c1=O,MCF7,13.413,0,train
CN(C)CC[C@H](CSc1ccccc1)Nc1ccc(cc1[N+]([O-])=O)S(=O)(=O)NC(=O)c1ccc(cc1)N1CCN(Cc2ccccc2-c2ccc(Cl)cc2)CC1,MCF7,10.99155,0,train
CN1CCN(CCCN2c3ccccc3Sc3ccc(Cl)cc23)CC1,PC3,14.798,0,train
CC(C)(C(=O)NCC(F)(F)C(F)(F)F)C(=O)N[C@H]1c2ccccc2-c2ccccc2NC1=O,PC3,13.997,0,train
CNC(=O)c1ccc(cc1F)N1C(=S)N(C(=O)C1(C)C)c1ccc(C#N)c(c1)C(F)(F)F,MCF7,7.2379,0,train
COc1ccc(cc1)S(=O)(=O)N2CCN(CC2)S(=O)(=O)c3ccc4OCCOc4c3,A375,12.770366666666664,0,train
COc1cc2c(ncnc2cc1OCCCN1CCCCC1)N1CCN(CC1)C(=O)Nc1ccc(OC(C)C)cc1,MCF7,15.835,0,train
OCC1(CO)N2CCC(CC2)C1=O,PC3,14.611,0,train
O=S1(=O)Nc2c(ccc3cccnc23)-c4ccccc41,PC3,3.4665,1,train
Nc1ncnc2n(nc(COc3cccc(Cl)c3)c12)C1CCOCC1,PC3,14.908,0,train
O=C(Nc1ccccc1)N2CCC(Cc3cnc4ccccc4c3)CC2,HT29,10.8127,0,train
CN(C)c1cccc(c1)C(=O)Nc1ccc(C)c(NC(=O)c2ccc(O)cc2)c1,MCF7,5.2293,1,train
COCCOC(=O)C1=C(C)NC(C)=C(C1c1cccc(c1)[N+]([O-])=O)C(=O)OC(C)C,HT29,7.4169,0,train
C(Cc1c[nH]c2ccccc12)Nc1cccc(Nc2ccncc2)c1,A375,10.4263,0,train
Brc1ccc(OCc2ccccc2Br)c(/C=C3/SC(=S)NC3=O)c1,A375,10.3785,0,train
OC[C@H](Cc1ccccc1)Nc1nc(Oc2ccc3CCCc3c2)nc2n(Cc3ccc(cc3)-c3ccccc3)cnc12,A375,10.3332,0,train
CN1CCN(CCCN2c3ccccc3Sc3ccc(cc23)C(F)(F)F)CC1,PC3,14.845999999999998,0,train
CC(C)C(=O)Nc1ccc(c(c1)C(F)(F)F)[N+]([O-])=O,A375,7.0741,0,train
NS(=O)(=O)C#Cc1ccccc1,A375,12.4928,0,train
O=S1(=O)Nc2c(ccc3cccnc23)-c4ccccc41,HT29,4.4133,1,train
COc1ccc(cc1)C(=O)CC1(O)C(=O)Nc2c1c(Cl)ccc2Cl,HT29,10.19275,0,train
C[C@H]1CN(C[C@@H](C)O1)c1ccc(NC(=O)c2cccc(-c3ccc(OC(F)(F)F)cc3)c2C)cn1,PC3,14.697,0,train
CS(=O)(=O)CCNCc1ccc(o1)-c1ccc2ncnc(Nc3ccc(OCc4cccc(F)c4)c(Cl)c3)c2c1,PC3,14.621,0,train
NC(=O)c1cccc(N)c1,A375,6.5667,0,train
CN(C)CC(=O)Nc1ccc2[nH]c(=O)c3ccccc3c2c1,HT29,7.0251,0,train
C1CN(CCO1)c2nnc(c3ccccc3)c(n2)c4ccccc4,MCF7,9.2997,0,train
COc1cc(cc(OC)c1O)[C@H]1[C@@H]2[C@H](COC2=O)[C@H](O[C@@H]2O[C@@H]3CO[C@@H](C)O[C@H]3[C@H](O)[C@H]2O)c2cc3OCOc3cc12,MCF7,13.088,0,train
Oc1ccc(C[C@@H]2N3[C@H](CN(Cc4cccc5ccccc45)C2=O)N(CCC3=O)C(=O)NCc2ccccc2)cc1,PC3,9.1726,0,train
OCCSC1=C(SCCO)C(=O)c2ccccc2C1=O,MCF7,9.0903,0,train
CNNCc1ccc(cc1)C(=O)NC(C)C,PC3,15.735,0,train
COc1cc2ncn(-c3cc(OCc4ccccc4C(F)(F)F)c(s3)C(N)=O)c2cc1OC,PC3,10.02405,0,train
Cc1nc2c(cc(cc2n1Cc1cccc(c1C)C(F)(F)F)N1CCOCC1)C(O)=O,PC3,13.618,0,train
Oc1cc(O)c2C[C@@H](OC(=O)c3cc(O)c(O)c(O)c3)[C@H](Oc2c1)c1cc(O)c(O)c(O)c1,A375,13.617,0,train
CN1CCN(CCCN2c3ccccc3Sc3ccc(Cl)cc23)CC1,MCF7,12.85,0,train
Cc1cc(cc2[nH]c(nc12)-c1c(NC[C@@H](O)c2cccc(Cl)c2)cc[nH]c1=O)N1CCOCC1,A375,9.5007,0,train
C[C@]12CC[C@H]3[C@H]([C@@H]1CC[C@@H]2O)[C@H](CCCCCCCCCS(=O)CCCC(F)(F)C(F)(F)F)Cc1cc(O)ccc31,HT29,14.776,0,train
CC(C)N1C(=O)S/C(=C/c2ccc(Sc3nc4ccccc4[nH]3)o2)/C1=O,PC3,11.349,0,train
O=C1c2ccccc2-c2n[nH]c3cccc1c23,PC3,14.904000000000002,0,train
Fc1ccc(Cc2n[nH]c(=O)c3ccccc23)cc1C(=O)N1CCN(CC1)C(=O)C1CC1,MCF7,10.219,0,train
C[C@@H](CO)N1C[C@@H](C)[C@H](CN(C)S(=O)(=O)c2ccc3OCCOc3c2)Oc4c(NC(=O)Nc5cccc6ccccc56)cccc4C1=O,A375,7.1054,0,train
CCN(CCO)CCCOc1ccc2c(Nc3cc(CC(=O)Nc4cccc(F)c4)[nH]n3)ncnc2c1,A375,14.44,0,train
NC(=O)Nc1sc(cc1C(N)=O)-c1ccc(F)cc1,A375,12.4065,0,train
OC(=O)c1ccc(NCc2nc3cc4ccccc4cc3[nH]2)cc1,HT29,15.0,0,train
COc1cc2c(NC3CCN(C)CC3)nc(nc2cc1OCCOCCN(C)C)N1CCCN(C)CC1,MCF7,16.186,0,train
Cc1ccccc1n2c(Cn3cnc4c(N)ncnc34)nc5cccc(C)c5c2=O,PC3,14.14,0,train
O=C(Nc1ccccc1)N2CCC(Cc3cnc4ccccc4c3)CC2,MCF7,8.53675,0,train
COc1cc2ncn(-c3cc(OCc4ccccc4S(C)(=O)=O)c(s3)C#N)c2cc1OC,A375,14.769,0,train
NC(=O)N1c2ccccc2C=Cc2ccccc12,A375,6.8569,0,train
CS(=O)(=O)CCNCc1ccc(o1)-c1ccc2ncnc(Nc3ccc(OCc4cccc(F)c4)c(Cl)c3)c2c1,MCF7,13.634,0,train
CSc1nc(nc(n1)c2ccc(C)cc2)C(Cl)Cl,MCF7,6.6227,0,train
CSc1nc(nc(n1)c2ccc(C)cc2)C(Cl)Cl,PC3,6.8099,0,train
OC(=O)CC[C@H]1CC[C@@](CC1)(c1cc(F)ccc1F)S(=O)(=O)c1ccc(Cl)cc1,PC3,15.11,0,train
COc1ccc2n(C(=O)c3cccc(Cl)c3Cl)c(C)c(CCN3CCOCC3)c2c1,PC3,13.632,0,train
COc1ccc(Cl)cc1C(=O)NCCc2ccc(cc2)S(=O)(=O)NC(=O)NC3CCCCC3,PC3,7.0757,0,train
CNC(=O)[C@H](Cc1ccccc1)NC(=O)[C@H](CC(C)C)[C@H](CSc1cccs1)C(=O)NO,MCF7,5.3793,1,train
Cc1cc(CS(=O)(=O)c2ccccc2)cc(OCc2ccc(CN3CCC[C@@H]3CO)cc2)c1,A375,14.338,0,train
CC[C@]1(O)C[C@@H]2CN(C1)CCc3c([nH]c4ccccc34)[C@@](C2)(C(=O)OC)c5cc6c(cc5OC)N(C=O)[C@@H]7[C@@]86CCN9CC=C[C@](CC)([C@H]98)[C@@H](OC(=O)C)[C@]7(O)C(=O)OC,MCF7,9.4788,0,train
Cc1nc(SCc2nc3ccccc3[nH]2)c4oc5ccccc5c4n1,MCF7,6.0116,0,train
c1cc(ccn1)-c1sc(c(c1-c1ccncc1)-c1ccncc1)-c1ccncc1,MCF7,6.9364,0,train
CN(C)c1cccc(c1)C(=O)Nc1ccc(C)c(NC(=O)c2ccc(O)cc2)c1,A375,5.779,0,train
COCCOC(=O)C1=C(C)NC(C)=C(C1c1cccc(c1)[N+]([O-])=O)C(=O)OC(C)C,A375,7.0082,0,train
COc1ccc(cc1Cl)N(C(C(=O)NCCc2ccccc2)c3cccs3)C(=O)CCl,MCF7,8.728100000000001,0,train
OCCSC1=C(SCCO)C(=O)c2ccccc2C1=O,A375,10.771866666666668,0,train
C[C@@H](Nc1ccccc1C(O)=O)c1cc(C)cn2c1nc(cc2=O)N1CCOCC1,MCF7,12.319,0,test
CN(C)[C@H]1[C@@H]2C[C@@H]3Cc4c(cc(NC(=O)CNC(C)(C)C)c(O)c4C(=O)C3C(=O)[C@]2(O)C(=O)C(C(N)=O)C1=O)N(C)C,MCF7,15.398,0,test
Clc1ccc(Cl)c(c1)c2ccc(/C=C(C#N)/C(=O)Nc3cccc4ncccc34)o2,PC3,10.47685,0,test
CC(=O)N[C@H]1C[C@H](C1)C(=O)Nc1cc(ccc1N)-c1ccc(F)cc1,MCF7,14.469,0,test
Oc1cc(O)c2c(c1)oc(-c1cc(O)c(O)c(O)c1)c(O)c2=O,HT29,14.464,0,test
COc1ccc(Cn2ccc3ccc(cc23)C(=O)NO)cc1,A375,15.8515,0,test
O=C(CN1C2=NCCN2c2ccccc12)c1ccc(cc1)-c1ccccc1,A375,6.0168,0,test
Cc1ccc(cc1)C=C1/CNCC(C1=O)=C/c1ccc(C)cc1,A375,12.357,0,test
Cc1ccc(cc1)C=C1/CNCC(C1=O)=C/c1ccc(C)cc1,PC3,13.401,0,test
Oc1cc(O)c2c(c1)oc(-c1cc(O)c(O)c(O)c1)c(O)c2=O,PC3,14.917,0,test
Cc1c[nH]c(n1)-c1cnc(NCCNc2ccc(cn2)C#N)nc1-c1ccc(Cl)cc1Cl,PC3,13.4,0,test
Clc1ccc(Cl)c(c1)c2ccc(/C=C(C#N)/C(=O)Nc3cccc4ncccc34)o2,HT29,10.66005,0,test
OC(=O)C(Cl)Cl,PC3,7.016,0,test
CC[C@H](Nc1ncnc2[nH]cnc12)c1nc2cccc(F)c2c(=O)n1-c1ccccc1,PC3,14.001,0,test
Cc1ccc(cc1)S(=O)(=O)OCC(=O)Nc1ccc(C(O)=O)c(O)c1,HT29,11.0185,0,test
CC(=O)N[C@H]1C[C@H](C1)C(=O)Nc1cc(ccc1N)-c1ccc(F)cc1,HT29,14.356,0,test
COc1cc(/C=C/C(=O)N2CCC=CC2=O)cc(OC)c1OC,HT29,9.77155,0,test
C[C@@H]1C[C@H]2[C@@H]3CCC4=CC(=O)C=C[C@]4(C)[C@@]3(F)[C@@H](O)C[C@]2(C)[C@@]1(O)C(=O)CO,PC3,10.11425,0,test
COc1cc(Nc2nc3ccccc3nc2NS(=O)(=O)c2ccc(NC(=O)c3ccc(C)c(OC)c3)cc2)cc(OC)c1,HT29,15.205,0,test
CN(C)[C@H]1[C@@H]2C[C@@H]3Cc4c(cc(NC(=O)CNC(C)(C)C)c(O)c4C(=O)C3C(=O)[C@]2(O)C(=O)C(C(N)=O)C1=O)N(C)C,HT29,16.679000000000002,0,test
Cc1onc(C(=O)N2CCN(CC2)C(c2ccc(Cl)cc2)c2ccc(Cl)cc2)c1[N+]([O-])=O,A375,5.325333333333333,1,test
COc1cc(ccc1O)C=CC(=O)CC(=O)C=Cc1ccc(O)c(OC)c1,PC3,13.481,0,test
Cc1cc(C2CCCCC2)n(O)c(=O)c1,MCF7,11.055,0,test
CCCCCCCC(=O)c1c(O)cc(O)cc1CC(=O)OCC,A375,6.7995,0,test
COc1ccc(Cn2ccc3ccc(cc23)C(=O)NO)cc1,HT29,16.09,0,test
ONC(=O)c1ccncc1,A375,17.887999999999995,0,test
Cc1ccc(cc1)S(=O)(=O)OCC(=O)Nc1ccc(C(O)=O)c(O)c1,PC3,15.854,0,test
Cc1cc(C(=O)CN2CCCC2)c(C)n1-c1ccc(F)cc1,PC3,14.337,0,test
C[C@@H](Nc1ccccc1C(O)=O)c1cc(C)cn2c1nc(cc2=O)N1CCOCC1,PC3,11.997,0,test
NCCCC(N)(C(F)F)C(O)=O,PC3,7.188,0,test
Cc1onc(c1-c1ccc(cc1)S(N)(=O)=O)-c1ccccc1,MCF7,8.70805,0,test
Nc1nc(N)c2nc(-c3cccc(O)c3)c(nc2n1)-c1cccc(O)c1,MCF7,13.938,0,test
COc1cc(Nc2nc3ccccc3nc2NS(=O)(=O)c2ccc(NC(=O)c3ccc(C)c(OC)c3)cc2)cc(OC)c1,PC3,14.970999999999998,0,test
CCCCCCCCc1ccc(cc1)-c1ccc(cc1)C(O)=O,MCF7,11.7446,0,test
Nc1cccc(c1)S(=O)(=O)N1CCCN(CC1)S(=O)(=O)c1ccc2OCCOc2c1,MCF7,10.65915,0,test
COc1ccc(cc1)S(=O)(=O)Nc1cccnc1Nc1ccc(O)cc1,MCF7,3.6195,1,test
CC(C)OC(=O)C1=CN(CC(C)(C)c2c1[nH]c1ccccc21)C(=O)c1ccc(F)c(F)c1,MCF7,15.0,0,test
CC(C)N(CCCNC(=O)Nc1ccc(cc1)C(C)(C)C)C[C@H]1O[C@H](C(O)[C@H]1O)n1cnc2c(N)ncnc12,PC3,15.73,0,test
CC(C)(C)c1cc(NC(=O)Nc2ccc(cc2)-c2cn3c(n2)sc2cc(OCCN4CCOCC4)ccc32)no1,A375,15.865,0,test
CC(=O)N[C@H]1C[C@H](C1)C(=O)Nc1cc(ccc1N)-c1ccc(F)cc1,A375,14.518,0,test
CC(C)(C)c1cc(NC(=O)Nc2ccc(cc2)-c2cn3c(n2)sc2cc(OCCN4CCOCC4)ccc32)no1,MCF7,14.093,0,test
Nc1cccc(c1)S(=O)(=O)N1CCCN(CC1)S(=O)(=O)c1ccc2OCCOc2c1,PC3,14.157,0,test
Oc1ccc(Nc2nc(cs2)-c2ccc(Cl)cc2)cc1,A375,12.3253,0,test
Cc1onc(c1-c1ccc(cc1)S(N)(=O)=O)-c1ccccc1,HT29,10.4249,0,test
CC[C@H](Nc1ncnc2[nH]cnc12)c1nc2cccc(F)c2c(=O)n1-c1ccccc1,HT29,15.0,0,test
Fc1cc(cc(F)c1CN1CCOCC1)-c1cccc2ncc(nc12)-c1cnn(c1)C1CCNCC1,A375,12.7275,0,test
CN(C)[C@H]1[C@@H]2C[C@@H]3Cc4c(cc(NC(=O)CNC(C)(C)C)c(O)c4C(=O)C3C(=O)[C@]2(O)C(=O)C(C(N)=O)C1=O)N(C)C,A375,13.7125,0,test
CCN(CC)CCCCN1c2ccccc2Oc2ccc(Cl)cc12,HT29,6.4451,0,test
OC(=O)[C@H](Cc1c[nH]c2ccccc12)N1C(=O)c2ccccc2C1=O,A375,11.956666666666667,0,test
Nc1nc(OCc2cc(Br)cs2)c2[nH]cnc2n1,MCF7,14.905,0,test
ClCCNP1(=O)OCCCN1CCCl,MCF7,15.553,0,test
CC(C)OC(=O)C1=CN(CC(C)(C)c2c1[nH]c1ccccc21)C(=O)c1ccc(F)c(F)c1,HT29,15.479,0,test
C[C@@H](Nc1ccccc1C(O)=O)c1cc(C)cn2c1nc(cc2=O)N1CCOCC1,HT29,13.945,0,test
COc1cc(ccc1Nc1ncc2N(C)C(=O)c3ccccc3N(C)c2n1)C(=O)N1CCC(CC1)N1CCN(C)CC1,PC3,14.986,0,test
OC[C@@H](O)COc1ccc2CCc3cc(Nc4ccc(F)cc4F)ccc3C(=O)c2c1,PC3,14.791,0,test
C[C@@]1(O)CC(C1)c1nc(-c2ccc3ccc(nc3c2)-c2ccccc2)c2c(N)nccn12,PC3,15.765,0,test
O=C(CN1C2=NCCN2c2ccccc12)c1ccc(cc1)-c1ccccc1,MCF7,5.6673,0,test
Cc1ccc(cc1)S(=O)(=O)OCC(=O)Nc1ccc(C(O)=O)c(O)c1,A375,12.245400000000002,0,test
Nc1nc(OCc2cc(Br)cs2)c2[nH]cnc2n1,A375,13.821000000000002,0,test
COc1ccc(cc1)S(=O)(=O)Nc1cccnc1Nc1ccc(O)cc1,HT29,5.6895,0,test
Oc1cccc(C(=O)Nc2cccc(NC(=O)c3cccc(O)c3O)c2)c1O,A375,9.0479,0,test
FC(F)(F)c1ccc(Oc2cccc(CC3CCN(CC3)C(=O)Nc3cccnc3)c2)nc1,A375,6.8558,0,test
CCN(CC)CCCCN1c2ccccc2Oc2ccc(Cl)cc12,MCF7,5.4249,1,test
Cc1onc(C(=O)N2CCN(CC2)C(c2ccc(Cl)cc2)c2ccc(Cl)cc2)c1[N+]([O-])=O,PC3,7.468,0,test
CCCCCCCCc1ccc(cc1)-c1ccc(cc1)C(O)=O,PC3,10.908650000000002,0,test
CCCCCCCCCCC(C)(C)C(=O)Nc1c(OC)cc(OC)cc1OC,A375,11.738233333333335,0,test
COc1ccc(cc1)N(C(=O)c2ccccc2)S(=O)(=O)c3cc(OC)ccc3OC,PC3,14.833,0,test
C[C@@H]1O[C@H](C[C@H](N)[C@@H]1O)O[C@H]1C[C@@](O)(Cc2c(O)c3C(=O)c4ccccc4C(=O)c3c(O)c12)C(C)=O,PC3,5.0672,1,test
C[C@@H](NC(=O)[C@@H](NC(=O)[C@H](CCCc1ccc(c(C)c1)-c1ccccc1)CC(=O)NO)C(C)(C)C)c1ccccc1,A375,6.0355,0,test
CC(C)OC(=O)C1=CN(CC(C)(C)c2c1[nH]c1ccccc21)C(=O)c1ccc(F)c(F)c1,A375,13.8175,0,test
CCCCCCCC(=O)c1c(O)cc(O)cc1CC(=O)OCC,MCF7,6.4963,0,test
COc1cc(ccc1O)C=CC(=O)CC(=O)C=Cc1ccc(O)c(OC)c1,A375,11.961,0,test
Cc1c[nH]c(n1)-c1cnc(NCCNc2ccc(cn2)C#N)nc1-c1ccc(Cl)cc1Cl,MCF7,10.06455,0,test
C[C@@H](NC(=O)[C@@H](NC(=O)[C@H](CCCc1ccc(c(C)c1)-c1ccccc1)CC(=O)NO)C(C)(C)C)c1ccccc1,HT29,6.6374,0,test
CC(C)OC(=O)C1=CN(CC(C)(C)c2c1[nH]c1ccccc21)C(=O)c1ccc(F)c(F)c1,PC3,15.169,0,test
COc1ccc(cc1)S(=O)(=O)Nc1cccnc1Nc1ccc(O)cc1,PC3,2.8543,1,test
Cc1onc(C(=O)N2CCN(CC2)C(c2ccc(Cl)cc2)c2ccc(Cl)cc2)c1[N+]([O-])=O,HT29,8.922699999999997,0,test
Cc1cc(C2CCCCC2)n(O)c(=O)c1,A375,12.505,0,test
C[C@@]1(O)CC(C1)c1nc(-c2ccc3ccc(nc3c2)-c2ccccc2)c2c(N)nccn12,MCF7,13.454,0,test
COc1cc(/C=C/C(=O)N2CCC=CC2=O)cc(OC)c1OC,PC3,8.6303,0,test
COc1cccc2C(=O)c3c(O)c4C[C@](O)(C[C@H](O[C@H]5C[C@H](N)[C@H](O)[C@H](C)O5)c4c(O)c3C(=O)c12)C(=O)CO,PC3,12.283,0,test
CCCCCCCCCCC(C)(C)C(=O)Nc1c(OC)cc(OC)cc1OC,PC3,13.482,0,test
FC(F)(F)c1ccc(Oc2cccc(CC3CCN(CC3)C(=O)Nc3cccnc3)c2)nc1,PC3,6.8374,0,test
Oc1cccc(C(=O)Nc2cccc(NC(=O)c3cccc(O)c3O)c2)c1O,HT29,10.0548,0,test
Nc1cccc(c1)S(=O)(=O)N1CCCN(CC1)S(=O)(=O)c1ccc2OCCOc2c1,A375,12.4099,0,test
OC(=O)[C@H](Cc1c[nH]c2ccccc12)N1C(=O)c2ccccc2C1=O,HT29,11.3267,0,test
COc1cc(/C=C/C(=O)N2CCC=CC2=O)cc(OC)c1OC,A375,9.7939,0,test
CC(C)c1c(O)c(O)c(C=O)c2c(O)c(c(C)cc12)-c1c(C)cc2c(C(C)C)c(O)c(O)c(C=O)c2c1O,PC3,9.7667,0,test
COc1cccc2C(=O)c3c(O)c4C[C@](O)(C[C@H](O[C@H]5C[C@H](N)[C@H](O)[C@H](C)O5)c4c(O)c3C(=O)c12)C(=O)CO,MCF7,9.8217,0,test
CC(C)c1c(O)c(O)c(C=O)c2c(O)c(c(C)cc12)-c1c(C)cc2c(C(C)C)c(O)c(O)c(C=O)c2c1O,MCF7,9.37175,0,test
CCCCCCCCCCC(C)(C)C(=O)Nc1c(OC)cc(OC)cc1OC,MCF7,10.1278,0,test
COc1ccc(cc1)N(C(=O)c2ccccc2)S(=O)(=O)c3cc(OC)ccc3OC,HT29,15.824000000000002,0,test
COc1cc2ncnc(Nc3cccc(Cl)c3)c2cc1OC,HT29,5.1492,1,test
Oc1ccc(Nc2nc(cs2)-c2ccc(Cl)cc2)cc1,MCF7,9.68135,0,test
CC[C@H](Nc1ncnc2[nH]cnc12)c1nc2cccc(F)c2c(=O)n1-c1ccccc1,A375,14.405999999999999,0,test
Cc1onc(C(=O)N2CCN(CC2)C(c2ccc(Cl)cc2)c2ccc(Cl)cc2)c1[N+]([O-])=O,MCF7,10.3903,0,test
CCCCCCCC(=O)c1c(O)cc(O)cc1CC(=O)OCC,HT29,6.8157,0,test
COc1cc(ccc1O)C=CC(=O)CC(=O)C=Cc1ccc(O)c(OC)c1,MCF7,12.49,0,test
C1C=C(Nc2nnnn12)c3ccccc3,A375,6.5482,0,test
FC(F)(F)c1ccc(Oc2cccc(CC3CCN(CC3)C(=O)Nc3cccnc3)c2)nc1,MCF7,6.3691,0,test
CC(C)(C)c1cc(NC(=O)Nc2ccc(cc2)-c2cn3c(n2)sc2cc(OCCN4CCOCC4)ccc32)no1,HT29,15.140999999999998,0,test
CC(C)N(CCCNC(=O)Nc1ccc(cc1)C(C)(C)C)C[C@H]1O[C@H](C(O)[C@H]1O)n1cnc2c(N)ncnc12,HT29,14.888,0,test
C[C@@H](Nc1ccccc1C(O)=O)c1cc(C)cn2c1nc(cc2=O)N1CCOCC1,A375,14.1145,0,test
CC(C)N(CCCNC(=O)Nc1ccc(cc1)C(C)(C)C)C[C@H]1O[C@H](C(O)[C@H]1O)n1cnc2c(N)ncnc12,MCF7,16.729,0,test
Oc1cc(O)c2c(c1)oc(-c1cc(O)c(O)c(O)c1)c(O)c2=O,MCF7,17.41,0,test
CCN(CC)CCCCN1c2ccccc2Oc2ccc(Cl)cc12,A375,5.6293,0,test
Cc1onc(c1-c1ccc(cc1)S(N)(=O)=O)-c1ccccc1,PC3,13.601,0,test
O=C(CN1C2=NCCN2c2ccccc12)c1ccc(cc1)-c1ccccc1,PC3,5.7264,0,test
CC[C@H](Nc1ncnc2[nH]cnc12)c1nc2cccc(F)c2c(=O)n1-c1ccccc1,MCF7,13.284,0,test
C[C@@H]1C[C@H]2[C@@H]3CCC4=CC(=O)C=C[C@]4(C)[C@@]3(F)[C@@H](O)C[C@]2(C)[C@@]1(O)C(=O)CO,MCF7,11.25405,0,test
Clc1ccc(Cl)c(c1)c2ccc(/C=C(C#N)/C(=O)Nc3cccc4ncccc34)o2,A375,11.719833333333336,0,test
Oc1ccc(Nc2nc(cs2)-c2ccc(Cl)cc2)cc1,PC3,14.614,0,test
Cc1cc(C2CCCCC2)n(O)c(=O)c1,HT29,11.017,0,test
COC(=O)c1ccc2n(CCCc3ccccc3)c(NC(=O)c4ccccc4)nc2c1,PC3,5.4428,1,test
COc1cccc2C(=O)c3c(O)c4C[C@](O)(C[C@H](O[C@H]5C[C@H](N)[C@H](O)[C@H](C)O5)c4c(O)c3C(=O)c12)C(=O)CO,A375,7.46495,0,test
O=C(CN1C2=NCCN2c2ccccc12)c1ccc(cc1)-c1ccccc1,HT29,6.3660000000000005,0,test
COc1ccc(cc1)N(C(=O)c2ccccc2)S(=O)(=O)c3cc(OC)ccc3OC,MCF7,10.562,0,test
Oc1cccc(C(=O)Nc2cccc(NC(=O)c3cccc(O)c3O)c2)c1O,MCF7,3.5042,1,test
ONC(=O)c1ccncc1,PC3,15.685,0,test
CCCCCCCCCCC(C)(C)C(=O)Nc1c(OC)cc(OC)cc1OC,HT29,10.99175,0,test
C[C@@]1(O)CC(C1)c1nc(-c2ccc3ccc(nc3c2)-c2ccccc2)c2c(N)nccn12,A375,16.0765,0,test
CC(C)(C)c1cc(NC(=O)Nc2ccc(cc2)-c2cn3c(n2)sc2cc(OCCN4CCOCC4)ccc32)no1,PC3,14.575,0,test
Nc1nc(OCc2cc(Br)cs2)c2[nH]cnc2n1,HT29,14.657,0,test
COc1cc(Nc2nc3ccccc3nc2NS(=O)(=O)c2ccc(NC(=O)c3ccc(C)c(OC)c3)cc2)cc(OC)c1,MCF7,16.815,0,test
COc1cc(ccc1O)C=CC(=O)CC(=O)C=Cc1ccc(O)c(OC)c1,HT29,12.911,0,test
C1C=C(Nc2nnnn12)c3ccccc3,HT29,5.8939,0,test
COc1cc2ncnc(Nc3cccc(Cl)c3)c2cc1OC,MCF7,4.1339,1,test
C[C@@]1(O)CC(C1)c1nc(-c2ccc3ccc(nc3c2)-c2ccccc2)c2c(N)nccn12,HT29,15.365,0,test
Fc1ccc(Nc2c(cnc3c(Cl)cc(NCc4cnc[nH]4)cc23)C#N)cc1Cl,A375,9.71275,0,test
OC(=O)[C@H](Cc1c[nH]c2ccccc12)N1C(=O)c2ccccc2C1=O,PC3,15.222,0,test
Oc1cc(O)c2c(c1)oc(-c1cc(O)c(O)c(O)c1)c(O)c2=O,A375,14.718,0,test
Oc1cccc(C(=O)Nc2cccc(NC(=O)c3cccc(O)c3O)c2)c1O,PC3,7.8942999999999985,0,test
Cc1c[nH]c(n1)-c1cnc(NCCNc2ccc(cn2)C#N)nc1-c1ccc(Cl)cc1Cl,A375,10.4373,0,test
Fc1cc(cc(F)c1CN1CCOCC1)-c1cccc2ncc(nc12)-c1cnn(c1)C1CCNCC1,PC3,14.394,0,test
CC(=O)N[C@H]1C[C@H](C1)C(=O)Nc1cc(ccc1N)-c1ccc(F)cc1,PC3,15.275,0,test
Nc1nc(N)c2nc(-c3cccc(O)c3)c(nc2n1)-c1cccc(O)c1,PC3,14.56,0,test
CCCCCCCC(=O)c1c(O)cc(O)cc1CC(=O)OCC,PC3,6.3237,0,test
COc1ccc(Cn2ccc3ccc(cc23)C(=O)NO)cc1,PC3,14.837,0,test
CC(C)N(CCCNC(=O)Nc1ccc(cc1)C(C)(C)C)C[C@H]1O[C@H](C(O)[C@H]1O)n1cnc2c(N)ncnc12,A375,15.929,0,test
COc1ccc(cc1)S(=O)(=O)Nc1cccnc1Nc1ccc(O)cc1,A375,2.6517,1,test
FC(F)(F)c1ccc(Oc2cccc(CC3CCN(CC3)C(=O)Nc3cccnc3)c2)nc1,HT29,6.3186,0,test
COc1cc(/C=C/C(=O)N2CCC=CC2=O)cc(OC)c1OC,MCF7,8.9516,0,test
CCOC(=O)[C@@]1(CCCCCCOc2ccc(Cl)cc2)CO1,A375,7.093,0,test
CCCCCCCCc1ccc(cc1)-c1ccc(cc1)C(O)=O,HT29,10.88035,0,test
CCCCCCCCc1ccc(cc1)-c1ccc(cc1)C(O)=O,A375,11.8806,0,test
COC(=O)c1ccc2n(CCCc3ccccc3)c(NC(=O)c4ccccc4)nc2c1,MCF7,9.9196,0,test
Clc1ccc(Cl)c(c1)c2ccc(/C=C(C#N)/C(=O)Nc3cccc4ncccc34)o2,MCF7,9.90625,0,test
Cc1cc(C(=O)CN2CCCC2)c(C)n1-c1ccc(F)cc1,A375,14.4595,0,test
OC(=O)[C@H](Cc1c[nH]c2ccccc12)N1C(=O)c2ccccc2C1=O,MCF7,11.2546,0,test
Nc1nc(OCc2ccccc2)c2[nH]cnc2n1,PC3,14.67,0,test
COc1cc(ccc1Nc1ncc2N(C)C(=O)c3ccccc3N(C)c2n1)C(=O)N1CCC(CC1)N1CCN(C)CC1,A375,13.425,0,test
COc1cc2ncnc(Nc3cccc(Cl)c3)c2cc1OC,A375,4.876,1,test
COc1cccc2C(=O)c3c(O)c4C[C@](O)(C[C@H](O[C@H]5C[C@H](N)[C@H](O)[C@H](C)O5)c4c(O)c3C(=O)c12)C(=O)CO,HT29,13.02,0,test
Nc1nc(OCc2cc(Br)cs2)c2[nH]cnc2n1,PC3,14.861,0,test
COc1ccc(Cn2ccc3ccc(cc23)C(=O)NO)cc1,MCF7,14.441,0,test
COc1cc(Nc2nc3ccccc3nc2NS(=O)(=O)c2ccc(NC(=O)c3ccc(C)c(OC)c3)cc2)cc(OC)c1,A375,16.3285,0,test
Cc1ccc(cc1)S(=O)(=O)OCC(=O)Nc1ccc(C(O)=O)c(O)c1,MCF7,11.2741,0,test
CC(C)c1c(O)c(O)c(C=O)c2c(O)c(c(C)cc12)-c1c(C)cc2c(C(C)C)c(O)c(O)c(C=O)c2c1O,A375,11.2541,0,test
Cc1cc(C2CCCCC2)n(O)c(=O)c1,PC3,12.615,0,test
Cc1c[nH]c(n1)-c1cnc(NCCNc2ccc(cn2)C#N)nc1-c1ccc(Cl)cc1Cl,HT29,11.98855,0,test
